DRAVP_ID,Sequence
DRAVPe02169,ICIY
DRAVPe02168,VIQY
DRAVPe02167,TVFH
DRAVPe02162,AVLQ
DRAVPe02142,FLWXOX
DRAVPe02044,EVLL 
DRAVPe01769,RVKR
DRAVPe01657,GVLV
DRAVPe01652,SAHS
DRAVPe01651,SKHS
DRAVPe01650,SLDC
DRAVPe01648,VLRP
DRAVPe01222,VRWI
DRAVPe01221,WVRW
DRAVPe00769,GVHG
DRAVPe00708,LEYS
DRAVPe00707,LLEY
DRAVPe02663,RRRRR
DRAVPe02270,XXAGXXXXKVGXX
DRAVPe02269,XXAGXXXXKVGXX
DRAVPe02268,XXXAGXXXKTGX
DRAVPe02267,XXXAGXXXKTGX
DRAVPe02266,XXXAGXXXVTGX
DRAVPe02265,XXXAGXXXKTGX
DRAVPe02238,ARLPR
DRAVPe02212,DDIWK
DRAVPe02173,PVSQF
DRAVPe02172,AIPAW
DRAVPe02171,VISAW
DRAVPe02170,PISQF
DRAVPe02166,NSTSQ
DRAVPe02165,DSFDQ
DRAVPe02164,NSFSQ
DRAVPe02163,ESTLQ
DRAVPe02137,VXYXYXYP
DRAVPe02050,EVLDL
DRAVPe02049,EDVLL 
DRAVPe02048,EVLLD
DRAVPe02047,EVLDL 
DRAVPe02046,KVLKL 
DRAVPe02045,EVLDL 
DRAVPe02043,EVLDL
DRAVPe02027,ARLPR
DRAVPe02010,DANFV
DRAVPe02009,TNTTT
DRAVPe01925,GDPPY
DRAVPe01924,GDPPY
DRAVPe01923,GDPPY
DRAVPe01922,GDPPY
DRAVPe01901,MDVNP
DRAVPe01768,PHSCN
DRAVPe01656,GVLVQ
DRAVPe01360,VVNDL
DRAVPe01356,VVNDL
DRAVPe01284,LMRIR
DRAVPe01220,WVRWI
DRAVPe01125,NQVGD
DRAVPe01120,SQVGD
DRAVPe01119,RGIYR
DRAVPe00768,HGVHG
DRAVPe00709,FVFLM
DRAVPe00706,LEYSI
DRAVPe00705,LLEYS
DRAVPe00048,IKQEF
DRAVPe02656,CGKRRC
DRAVPe02655,CGYKRC
DRAVPe02654,CGYKGC
DRAVPe02653,CGYGLC
DRAVPe02651,CGYKLC
DRAVPe02242,LSRMPK
DRAVPe02241,FAPRWR
DRAVPe02211,WWIVVV
DRAVPe02210,VVVWWI
DRAVPe02209,VVVIWW
DRAVPe02208,IWWVVV
DRAVPe02161,LQQFMK
DRAVPe02140,SAPQYV
DRAVPe02139,XIXYQPXAXTX
DRAVPe02133,XCXCVXLL
DRAVPe02131,XFPPVIXC
DRAVPe02042,EVLDLV 
DRAVPe02040,EVLADL
DRAVPe02032,YKYRYL 
DRAVPe02021,LVLQTM
DRAVPe01988,LDPAFR
DRAVPe01929,LLVEGT
DRAVPe01928,LLVEGT
DRAVPe01927,LLVEGT
DRAVPe01926,LLVEGT
DRAVPe01912,IGVTVI
DRAVPe01907,FNESTR
DRAVPe01799,WEDWVR
DRAVPe01798,DWVRWI
DRAVPe01646,KSETKN
DRAVPe01626,HCAFWW
DRAVPe01625,HAKFWW
DRAVPe01624,ACKFWW
DRAVPe01623,HCKAWW
DRAVPe01622,HCKFWA
DRAVPe01621,HCKFAW
DRAVPe01620,HCKFWF
DRAVPe01619,HCKFWI
DRAVPe01618,HCKFWW
DRAVPe01408,CFPWGC
DRAVPe01407,CFPWGC
DRAVPe01355,AVVNDL
DRAVPe01268,ILMCFS
DRAVPe01219,WEDWVR
DRAVPe01218,DWVRWI
DRAVPe01163,MDVNPT
DRAVPe00767,QHGVHG
DRAVPe00717,PFVFLR
DRAVPe00716,PEVFLM
DRAVPe00715,EFVFLM
DRAVPe00714,PFVFLE
DRAVPe00713,PFVYLI
DRAVPe00710,PFVFLM
DRAVPe00704,LLEYSL
DRAVPe00703,LLEYSI
DRAVPe00503,WIDNLD
DRAVPe00479,EDLFYQ
DRAVPe00078,LQQLLF
DRAVPe00047,WAGIKQ
DRAVPe00046,ACWWAG
DRAVPe00045,KLAGRW
DRAVPe00044,YFLLKL
DRAVPe00043,TAYFLL
DRAVPe02672,WSFFSNI
DRAVPe02657,CGKRKLC
DRAVPe02652,CGYGLC
DRAVPe02246,LVRPLAL
DRAVPe02204,RVKRCMK
DRAVPe02041,EVLADLV 
DRAVPe02036,TLTTKLY
DRAVPe02024,NDFRSKT
DRAVPe01987,LLGRMKG
DRAVPe01609,RWWRWWR
DRAVPe01607,RRWYRWW
DRAVPe01362,YAVVNDL
DRAVPe01361,YAVVNDL
DRAVPe01354,GAVVNDL
DRAVPe01267,ILMCFSI
DRAVPe01162,MDVNPTL
DRAVPe00773,HGVSGHG
DRAVPe00766,GQHGVHG
DRAVPe00721,CPEVFLM
DRAVPe00720,CPFVFLR
DRAVPe00719,CPFVFLE
DRAVPe00718,CPFVFLM
DRAVPe00711,KPFVFLM
DRAVPe00476,LAQMYPL
DRAVPe00092,QLLIRMI
DRAVPe00007,GRWPVKT
DRAVPe00004,VHVASGY
DRAVPe02747,CSQWLQGS
DRAVPe02707,FKKIRVRL
DRAVPe02704,NKKIRVRL
DRAVPe02702,QKKIRVRL
DRAVPe02659,AGKRKSG
DRAVPe02650,RQLVLRTR
DRAVPe02649,EALMWEGF
DRAVPe02408,DEVVCC
DRAVPe02407,DEMEEC
DRAVPe02323,SGWIYWAV
DRAVPe02322,SGWIAWNV
DRAVPe02321,SGWIYWNV
DRAVPe02310,KKKKGSGC
DRAVPe02160,AVLQSGFR
DRAVPe02026,ARLPRTMV
DRAVPe02013,LTLHWFRK
DRAVPe01917,TLLFLKVP
DRAVPe01916,TLLFLKVP
DRAVPe01915,TLLFLKVP
DRAVPe01914,TLLFLKVP
DRAVPe01864,rRRKxXFx
DRAVPe01863,rRRKfXFx
DRAVPe01862,rRRKSXXf
DRAVPe01861,rRRKAXXf
DRAVPe01860,rRRKSXXf
DRAVPe01859,rRRKSXSr
DRAVPe01858,rRRKSXSf
DRAVPe01857,pRRKSXSf
DRAVPe01856,pKRKSXSf
DRAVPe01855,pKRKSXSf
DRAVPe01854,pKRKSXSf
DRAVPe01853,PKRKSXSf
DRAVPe01852,aKRKSXSf
DRAVPe01851,AKRKSXSf
DRAVPe01850,GKRKSXSf
DRAVPe01849,GKRKSXAx
DRAVPe01848,GKRKSXAX
DRAVPe01847,GKRKSXAf
DRAVPe01846,GKRKSXAF
DRAVPe01845,GKRKSXAx
DRAVPe01844,GKRKSXAX
DRAVPe01843,GKRKSXAA
DRAVPe01842,GKRKSxCA
DRAVPe01841,GKRKSXCA
DRAVPe01840,GKRKSFCA
DRAVPe01839,GKRKSXCA
DRAVPe01838,GKRKSGAA
DRAVPe01837,GKRKSGCA
DRAVPe01797,WEDWVRWI
DRAVPe01779,PxTXXLPX
DRAVPe01655,GGVLVQPG
DRAVPe01654,GGVLVQPG
DRAVPe01653,GGVLVQPG
DRAVPe01649,SKHSSLDC
DRAVPe01647,SLDCVLRP
DRAVPe01524,YLQELLGE
DRAVPe01448,FVPBSIBG
DRAVPe01364,YGAVVNDL
DRAVPe01363,YGAVVNDL
DRAVPe01353,AGAVVNDL
DRAVPe01283,HRILMRIR
DRAVPe01266,ILMCFSID
DRAVPe01230,WEDWVRWA
DRAVPe01229,WEDWVRAI
DRAVPe01228,WEDWVAWI
DRAVPe01227,WEDWARWI
DRAVPe01226,WEDAVRWI
DRAVPe01225,WEAWVRWI
DRAVPe01224,WADWVRWI
DRAVPe01223,AEDWVRWI
DRAVPe01217,WEDWVRWI
DRAVPe01161,MDVNPTLL
DRAVPe01126,RNPNQVGD
DRAVPe01121,RNPSQVGD
DRAVPe01118,RGRRGIYR
DRAVPe01088,CEVLSDFK
DRAVPe01083,SWLRDIWD
DRAVPe00772,HGVSGHGQ
DRAVPe00765,HGQHGVHG
DRAVPe00712,NKPFVFLM
DRAVPe00484,GYIEAEVI
DRAVPe00477,GKGDFRIL
DRAVPe00108,YQLLIRMI
DRAVPe00016,VPRRKAKI
DRAVPe00013,FIHNFKRK
DRAVPe00008,HTDNGSNF
DRAVPe00005,PAETGQET
DRAVPe02765,CQLSLAPYC
DRAVPe02764,CHGSTKWAC
DRAVPe02763,CFNTHTANC
DRAVPe02762,CSRNHILTC
DRAVPe02761,CSLRTYAAC
DRAVPe02760,CSASTESLC
DRAVPe02759,CHQLMQNLC
DRAVPe02758,CTGYHNNTC
DRAVPe02757,CTPGRSATC
DRAVPe02756,CTSAAVHMC
DRAVPe02755,CNSMWVRNC
DRAVPe02754,CQRTTEANC
DRAVPe02753,CKSTFSPNC
DRAVPe02752,CHPSKALQC
DRAVPe02751,CFSSARLSC
DRAVPe02750,CHADQLPMC
DRAVPe02749,CTPLSTLQC
DRAVPe02748,CGPSLRGVC
DRAVPe02746,CTYPYPKFC
DRAVPe02745,CLMGSSHSC
DRAVPe02744,CERLNLPQC
DRAVPe02743,CYKMDNHTC
DRAVPe02742,CTTHISQTC
DRAVPe02741,CTFHSPRFC
DRAVPe02740,CQTTNWNTC
DRAVPe02739,CNSPKGKPC
DRAVPe02738,CNPMHSRTC
DRAVPe02737,CLVRNLAWC
DRAVPe02736,CYRTQFTQC
DRAVPe02735,CQGSPYRHC
DRAVPe02734,CVMSKHQHC
DRAVPe02733,CKHHNWWTC
DRAVPe02732,CKSFTTTRC
DRAVPe02731,CSTTNATWC
DRAVPe02730,CTQSGLLSC
DRAVPe02729,CQWPGQSGC
DRAVPe02728,CDLLLPGRC
DRAVPe02727,CLPTPHHVC
DRAVPe02726,CKPSTSGQC
DRAVPe02725,CPGHHLSHC
DRAVPe02724,CTDNALKAC
DRAVPe02723,CQATTARNC
DRAVPe02722,CHVLDPHLC
DRAVPe02721,CHSLRNAFC
DRAVPe02720,CNKQFSAAC
DRAVPe02719,CYATTLGAC
DRAVPe02718,CSPYAKHNC
DRAVPe02717,CQPHLPWHC
DRAVPe02716,CPSHYTQAC
DRAVPe02715,CNSSSPTAC
DRAVPe02706,ASLRVRIKK
DRAVPe02692,CQLPAERWC
DRAVPe02690,CTMLLFHRC
DRAVPe02670,CHTLPHTKC
DRAVPe02658,CGKRKSC
DRAVPe02393,CSLTNTLLC
DRAVPe02392,CHTKIFPNC
DRAVPe02391,CHLLLPRPC
DRAVPe02390,CNPMKPLMC
DRAVPe02389,CSTPELTFC
DRAVPe02388,CGFSNFRSC
DRAVPe02387,CTQKNIAAC
DRAVPe02386,CRSLTDNQC
DRAVPe02385,CTESTINTC
DRAVPe02384,CRTLPPILC
DRAVPe02383,CSTNPPTQC
DRAVPe02382,CNTKNFHSC
DRAVPe02381,CSGSETKVC
DRAVPe02380,CTPSLPWLC
DRAVPe02379,CYETKTHSC
DRAVPe02378,CHPTGLHQC
DRAVPe02377,CNPMKPLMC
DRAVPe02376,CQSASPRLC
DRAVPe02375,CIHAPHTQC
DRAVPe02374,CKPDAISVC
DRAVPe02373,CQAMHNRFC
DRAVPe02372,CLTDRHRTC
DRAVPe02371,CLTSPTSTC
DRAVPe02370,CNTSSTPHC
DRAVPe02369,CPSRLSSQC
DRAVPe02368,CTNSTLQSC
DRAVPe02367,CLALNMSYC
DRAVPe02366,CNQSTLLTC
DRAVPe02365,CLWPTLKGC
DRAVPe02364,CDATSAQVC
DRAVPe02363,CNLLRQQTC
DRAVPe02362,CMTSHPTLC
DRAVPe02361,CNPYNTSMC
DRAVPe02360,CLALRHSNC
DRAVPe02359,CTPTVTRSC
DRAVPe02358,CLFNHPKYC
DRAVPe02357,CQSIRGPMC
DRAVPe02356,CVSGQESIC
DRAVPe02355,CQSQNHNTC
DRAVPe02354,CHNLKRPTC
DRAVPe02353,CPFVKTQLC
DRAVPe02352,CPPPQGQTC
DRAVPe02351,CPPGKSSMC
DRAVPe02350,CNGVIHNQC
DRAVPe02349,CSPQLAPFC
DRAVPe02348,CHSPLTSSC
DRAVPe02347,CQYNPLPYC
DRAVPe02346,CRHNNLHHC
DRAVPe02345,CFPTTSRGC
DRAVPe02344,CHARNSTQC
DRAVPe02343,CQGPVKPLC
DRAVPe02342,CTNRHAAGC
DRAVPe02341,CPGHIHRTC
DRAVPe02340,CPSTGYSYC
DRAVPe02339,CTNPATPFC
DRAVPe02338,CEWTESMMC
DRAVPe02337,COPHTLPTC
DRAVPe02336,CTKYWARNC
DRAVPe02335,CRNTDTALC
DRAVPe02334,CNHTRNMAC
DRAVPe02333,CVNSPPTMC
DRAVPe02332,CPRSGTAYC
DRAVPe02331,CLHKPWSRC
DRAVPe02330,CKPTHYNSC
DRAVPe02249,SRARIDARI
DRAVPe02207,EYLFEVDNL
DRAVPe02120,ATCYCRTGR
DRAVPe02090,YNYLYRLFC
DRAVPe02037,CTLTTKLYC
DRAVPe02012,VIGVGDSAL
DRAVPe02011,PFGDSYIVI
DRAVPe02004,IQTSGGTSI
DRAVPe01921,TLLFLKVPA
DRAVPe01920,TLLFLKVPA
DRAVPe01919,TLLFLKVPA
DRAVPe01918,TLLFLKVPA
DRAVPe01880,ATSSANSKA
DRAVPe01877,MLRKRRKRL
DRAVPe01810,ARLPRKKWK
DRAVPe01629,NHEAEDLFY
DRAVPe01628,DKFNHEAED
DRAVPe01376,YAGTVINDL
DRAVPe01375,YTMLVVDDL
DRAVPe01374,YAGAVANDL
DRAVPe01373,YXGAVVNDL
DRAVPe01372,YaGAVVNDL
DRAVPe01371,YaGAVVNDL
DRAVPe01370,XAGAVVNDL
DRAVPe01369,XAGAVVNDL
DRAVPe01368,XAGAVVNDL
DRAVPe01367,yAGAVVNDL
DRAVPe01366,yAGAVVNDL
DRAVPe01365,AAGAVVNDL
DRAVPe01359,YAGAVVNDL
DRAVPe01358,YAGAVVNDL
DRAVPe01357,YAGAVVNDL
DRAVPe01352,YAGAVVNDL
DRAVPe01282,LMRIRQMMT
DRAVPe01265,ILMCFSIDS
DRAVPe01160,MDVNPTLLF
DRAVPe01145,GHRRYFTFG
DRAVPe01143,TFGGGYVYF
DRAVPe00764,GHGQHGVHG
DRAVPe00475,EDLFYQSSL
DRAVPe00458,CNDFRSKTC
DRAVPe00368,FLHFLHHLF
DRAVPe00367,FLGFLHHLF
DRAVPe00366,FLGFLKNLF
DRAVPe00273,AEAMAQVTN
DRAVPe00272,AAAMSQVTN
DRAVPe00271,AEAMSQVTN
DRAVPe00107,YQLLIRMIY
DRAVPe02714,QKKFRVRLSA
DRAVPe02713,QKKIRWRLSA
DRAVPe02712,QKKIRIRLSA
DRAVPe02711,QKKIRFRLSA
DRAVPe02710,QKKIRVRFSA
DRAVPe02709,QKKIRVRLSW
DRAVPe02708,QKKIRVRISA
DRAVPe02705,ASLRVRIKKQ
DRAVPe02703,QKKIRVRWSA
DRAVPe02701,QKKIRVRLSA
DRAVPe02677,ASLRVRIKKQ
DRAVPe02676,ASLRVRIKKQ
DRAVPe02398,DLEVVAATYV
DRAVPe02300,KTCENLADTY
DRAVPe02298,IIIQYEGHKH
DRAVPe02248,DYNPYLLFLK
DRAVPe02206,LYDRLASTVI
DRAVPe02130,XFPSLTCLSTXC
DRAVPe02095,EKYTEAPEYI
DRAVPe02079,EQCREEEDDR
DRAVPe02019,KREHGQHCEF
DRAVPe01933,KNNMINNDLG
DRAVPe01932,KNNMINNDLG
DRAVPe01931,KNNMINNDLG
DRAVPe01930,KNNMINNDLG
DRAVPe01911,MFNMLSTVLG
DRAVPe01910,KIRPLLVEGT
DRAVPe01908,FNESTRKKIE
DRAVPe01897,WPFCLLLMAL
DRAVPe01874,FFVIFYRRKK
DRAVPe01873,WLVFFVRRKK
DRAVPe01872,RRKKIFYFFR
DRAVPe01867,AGVKDGKLDF
DRAVPe01866,PWLKPGDLDL
DRAVPe01831,NQVSATCSVK
DRAVPe01830,KKVTMTCSAS
DRAVPe01829,AKVTMTCSAS
DRAVPe01822,KFFRKKSVKK
DRAVPe01627,EEQAKTFLDK
DRAVPe01611,YRWWRWARRW
DRAVPe01577,RRRRRRRRRR
DRAVPe01576,RRKKRRRRRR
DRAVPe01575,GRKKRRRRRR
DRAVPe01574,RRKKRRQRRR
DRAVPe01573,GRKKRRQRRR
DRAVPe01477,WEYVLLLFLL
DRAVPe01264,ILMCFSIDSP
DRAVPe01252,TDVILMCFSI
DRAVPe01159,MDVNPTLLFL
DRAVPe01087,WICEVLSDFK
DRAVPe01082,SWLRDIWDWI
DRAVPe00771,HGVSGHGQHG
DRAVPe00763,SGHGQHGVHG
DRAVPe00761,WQSLTLTHRG
DRAVPe00759,WQCLTLTHRG
DRAVPe00490,AGERIVDIIA
DRAVPe00094,LFYLVPGPGH
DRAVPe00015,WKGPAKLLWK
DRAVPe00014,GYSAGERIVD
DRAVPe00012,VRDQAEHLKT
DRAVPe00011,ESMNKELKKI
DRAVPe00010,FGIPYNPQSQ
DRAVPe00002,ASCDKCQLKG
DRAVPe00001,EEHEKYHSNW
DRAVPe02230,FHRKKGRGKHK
DRAVPe02127,XYXTAGXAXLXPXQXKXVXG
DRAVPe02126,XYXTAGXAXLXPXQXKXVXGX
DRAVPe01951,DHVTPDIAYNP
DRAVPe01936,GREERRQRRRC
DRAVPe01935,GRKKRRQRRRC
DRAVPe01913,IGVTVIKNNMI
DRAVPe01886,NGESSADWAKN
DRAVPe01778,XxXVXAaXXXX
DRAVPe01482,VSFAIKWEYVL
DRAVPe01476,KWEYVLLLFLL
DRAVPe01263,ILMCFSIDSPD
DRAVPe01190,RRKKAAVALLP
DRAVPe01158,MDVNPTLLFLK
DRAVPe01127,RVGRNPNQVGD
DRAVPe01122,RIGRNPSQVGD
DRAVPe01117,RTGRGRRGIYR
DRAVPe00964,ADLEVVAATYV
DRAVPe00770,HGVSGHGQHGV
DRAVPe00762,VSGHGQHGVHG
DRAVPe00760,WFVLLTITVLR
DRAVPe00502,WNSLKIANLAV
DRAVPe00501,WNSLKIDNLDA
DRAVPe00500,WNSLKIDNLAV
DRAVPe00499,WNSLKIDNADV
DRAVPe00498,WNSLKIDALDV
DRAVPe00497,WNSLKIANLDV
DRAVPe00496,WNSLKADNLDV
DRAVPe00495,WNSLAIDNLDV
DRAVPe00494,WNSAKIDNLDV
DRAVPe00493,WNALKIDNLDV
DRAVPe00492,WASLKIDNLDV
DRAVPe00491,WNSLKIDNLDV
DRAVPe00486,STTVKAASWWA
DRAVPe00109,QLLIRMIYKNI
DRAVPe00093,AEPERRNIKYL
DRAVPe00054,feqkigawwca
DRAVPe00053,FEQKIGAWWCA
DRAVPe00052,acwwagikqef
DRAVPe00042,ACWWAGIRQEF
DRAVPe00041,ACWGAGIKQEF
DRAVPe00040,ACGWAGIKQEF
DRAVPe00039,ASWWAGIKQEF
DRAVPe00035,ACWWAGIKQEA
DRAVPe00034,ACWWAGIKQAF
DRAVPe00033,ACWWAGIKAEF
DRAVPe00032,ACWWAGIAQEF
DRAVPe00031,ACWWAGAKQEF
DRAVPe00030,ACWWAAIKQEF
DRAVPe00029,ACWAAGIKQEF
DRAVPe00028,ACAWAGIKQEF
DRAVPe00027,AAWWAGIKQEF
DRAVPe00009,ACWWAGIKQEF
DRAVPe02660,CAGKRKSG
DRAVPe02413,DDDEVVAATYVA
DRAVPe02326,RWLRGLLSGLLR
DRAVPe02189,GSHHRHVHSPFV
DRAVPe02183,HALTPIKYIPPG
DRAVPe02182,WSFNPSTYTIAG
DRAVPe02181,LMQINPTYYQIM
DRAVPe02180,HDAISWTHYHPW
DRAVPe02179,SVVPSKATWGFA
DRAVPe02178,HVTTTFAPPPPR
DRAVPe02177,FKPSSPPSITLW
DRAVPe02174,GGASCCLYCRCH
DRAVPe02154,STSQKSIVAYTM
DRAVPe02129,XAXYXTLGGXATTXQXKXH
DRAVPe02128,XAXYXQLGXATXQXKXQXNH
DRAVPe02099,GVSGHGQHGVHG
DRAVPe02065,AYTMSLGADSSI
DRAVPe02064,KSIVAYTMSLGA
DRAVPe02063,SLLRSTSQKSIV
DRAVPe02062,YHTVSLLRSTSQ
DRAVPe02061,CDIPIGAGICAS
DRAVPe02008,SPRTGLDFNEMI
DRAVPe02006,GAMHTALTGATE
DRAVPe01979,FYTTTGIGYQPY
DRAVPe01978,GFLYVYKGYQPI
DRAVPe01977,STSQKSIVAYTM
DRAVPe01904,AQNAISTTFPYT
DRAVPe01887,SKHSSLDCVLRP
DRAVPe01876,TTTPAKRKKTKK
DRAVPe01869,WLVFFVIAYFAR
DRAVPe01868,WLVFFVIFYFFR
DRAVPe01836,LCLRNWDQGHRP
DRAVPe01827,RKVELFTYMRFD
DRAVPe01663,yAIIXYNKYXNC
DRAVPe01662,YTLPFHNXTFFC
DRAVPe01661,YXIAKYNXXIPC
DRAVPe01660,YTNFYLYPYXFC
DRAVPe01659,YXKXKXXKXXKC
DRAVPe01658,YWKIXNTLVNIC
DRAVPe01645,TNGESTADWAKN
DRAVPe01643,SKHSSLDCVLRP
DRAVPe01638,DRGWGNGCGLFG
DRAVPe01572,RRQRPRLSHKGP
DRAVPe01564,RPRLSHKGPMPF
DRAVPe01536,KRIVQRIKDFLR
DRAVPe01481,VSFAIKWEYVLL
DRAVPe01475,IKWEYVLLLFLL
DRAVPe01464,CDVIALLCHLNT
DRAVPe01447,EVFNFVPBSIBG
DRAVPe01351,STSYAGAVVNDL
DRAVPe01349,CLRKLRKRLLRC
DRAVPe01285,hrilmrirqmmt
DRAVPe01281,HRILMRIRQMMA
DRAVPe01280,HRILMRIRQMAT
DRAVPe01279,HRILMRIRQAMT
DRAVPe01278,HRILMRIRAMMT
DRAVPe01277,HRILMRIAQMMT
DRAVPe01276,HRILMRARQMMT
DRAVPe01275,HRILARIRQMMT
DRAVPe01274,HRIAMRIRQMMT
DRAVPe01273,HRALMRIRQMMT
DRAVPe01272,ARILMRIRQMMT
DRAVPe01271,HRILMRIRQMMT
DRAVPe01262,ILMCFSIDSPDS
DRAVPe01216,QLQKWEDWVRWI
DRAVPe01215,WEDWVRWIGNIP
DRAVPe01214,QKWEDWVRWIGN
DRAVPe01198,RRKKVLLALLAP
DRAVPe01157,MDVNPTLLFLKV
DRAVPe01144,GHRRYFTFGGGY
DRAVPe01142,RYFTFGGGYVYF
DRAVPe01086,WDWICEVLSDFK
DRAVPe01081,SWLRDIWDWICE
DRAVPe00832,ALWKTMLKKLGT
DRAVPe00699,ILPWKWPWWPWP
DRAVPe00698,LPWKWPWWPWPP
DRAVPe00504,WKFALKVDSPDV
DRAVPe00461,SENRKVPFYSHS
DRAVPe00460,TEPSTRGSWKFW
DRAVPe00457,GGARDAGKAEWW
DRAVPe00185,GTKWLTEWIPLC
DRAVPe00182,GTKAWTEVWPLC
DRAVPe00181,GTKWLTEVWPLC
DRAVPe00130,KPKQIKPPLPSV
DRAVPe00129,SPYPSWSTPAGR
DRAVPe00128,LPLPAPSFHRTT
DRAVPe00127,SNQGGSPLPRSV
DRAVPe00126,SVSVGMKPSPRP
DRAVPe00110,YQLLIRPIYKNI
DRAVPe00106,YQLLIRMIYKNA
DRAVPe00105,YQLLIRMIYKAI
DRAVPe00104,YQLLIRMIYANI
DRAVPe00103,YQLLIRMIAKNI
DRAVPe00102,YQLLIRMAYKNI
DRAVPe00101,YQLLIRAIYKNI
DRAVPe00100,YQLLIAMIYKNI
DRAVPe00099,YQLLARMIYKNI
DRAVPe00098,YQLAIRMIYKNI
DRAVPe00097,YQALIRMIYKNI
DRAVPe00096,YALLIRMIYKNI
DRAVPe00095,YQLLIRMIYKNI
DRAVPe00051,wrgalkllfyat
DRAVPe00050,WRGALKLLFYAT
DRAVPe00049,tayfllklagrw
DRAVPe00038,TAYFLLKLAGRL
DRAVPe00037,TAYFLLILAGRW
DRAVPe00036,TASFLLKLAGRW
DRAVPe00026,TAYFLLKLAGRA
DRAVPe00025,TAYFLLKLAGAW
DRAVPe00024,TAYFLLKLAARW
DRAVPe00023,TAYFLLKAAGRW
DRAVPe00022,TAYFLLALAGRW
DRAVPe00021,TAYFLAKLAGRW
DRAVPe00020,TAYFALKLAGRW
DRAVPe00019,TAYALLKLAGRW
DRAVPe00018,TAAFLLKLAGRW
DRAVPe00017,AAYFLLKLAGRW
DRAVPe00006,TAYFLLKLAGRW
DRAVPe02599,TVSSGADTEDVVC
DRAVPe02467,KKKKKVAATYVLV
DRAVPe02466,KKKKVVAATYVEV
DRAVPe02465,KKKKVVLPTYVLV
DRAVPe02464,KKKKVVAATYELV
DRAVPe02463,KKKKVVLATYVLF
DRAVPe02461,KKKKLLLPFYFFV
DRAVPe02460,KKKKVVAATYVKV
DRAVPe02459,KKKKVLLPFLFVF
DRAVPe02458,KKKKVVAATLVFV
DRAVPe02457,KKKKVLAATYVFV
DRAVPe02456,KKKKVVAAPYVLV
DRAVPe02455,KKKKVLAAFYVLV
DRAVPe02454,KKKKVVAATPVLV
DRAVPe02453,KKKKVVAATYALV
DRAVPe02452,KKKKVGAATYVLV
DRAVPe02451,KKKKVEAATYVLV
DRAVPe02450,KKKKVLLATYVLV
DRAVPe02449,KKKKVLAATYFLV
DRAVPe02448,KKKKVVAATYGLV
DRAVPe02443,KKKKGVAATYVLV
DRAVPe02441,KKKKVVAATYPLV
DRAVPe02440,KKKKLLLPFLVFV
DRAVPe02438,KKKKVVAPTYVFV
DRAVPe02437,KKKKLLLPFLFFV
DRAVPe02436,KKKKVLAATLVLV
DRAVPe02435,KKKKVVAATYFFV
DRAVPe02433,KKKKVVAATYVLE
DRAVPe02431,KKKKVLLPFLLFF
DRAVPe02430,KKKKVVAAFYVFV
DRAVPe02429,KKKKVVAATLFLV
DRAVPe02426,KKKKVVAATKVLV
DRAVPe02425,KKKKVVAATYVLK
DRAVPe02423,KKKKLLAATYVLV
DRAVPe02422,KKKKVVEATYVLV
DRAVPe02421,KKKKVVAATYVLP
DRAVPe02420,KKKKVVAATYTLV
DRAVPe02419,KKKKLLLPFLFLV
DRAVPe02417,KKKKLLLPFYVFF
DRAVPe02416,KKKKVVAPTYVLV
DRAVPe02415,KKKKLVAPTYVLV
DRAVPe02411,KKKKVVAAKYVLV
DRAVPe02410,KKKKVVAATYVTV
DRAVPe02409,KKKKVLLPFLFFV
DRAVPe02406,KKKKVLLAFLFFF
DRAVPe02405,KKKKLVAATYVLV
DRAVPe02401,KKKKLLLPFLVFF
DRAVPe02400,KKKKVVALTYVLV
DRAVPe02399,KKKKLLLPTLFLF
DRAVPe02395,KKKKLLLPTLFFF
DRAVPe02394,KKKKVVAATYVFF
DRAVPe02320,CTVALPGGYVRVC
DRAVPe02305,FFGSVLKLIPKIL
DRAVPe02262,GENNELRLTRDAI
DRAVPe02214,HGVSGHGQHGVHG
DRAVPe02205,RRRRRRRRRFFC
DRAVPe02176,ILPWKWPWWPWRR
DRAVPe02102,CRLGRLLRRLGRC
DRAVPe02098,HGVSGHGQHGVHG
DRAVPe02070,FIGAIARLLSKIF
DRAVPe02068,GLFDIIKKIAESF
DRAVPe02001,LKMDKLTLKGMSY
DRAVPe01875,GYRARPKFKAGKR
DRAVPe01832,KKLVAASQAALGL
DRAVPe01826,RRKVELFTYMRFD
DRAVPe01820,LWHHIWHTVHHLI
DRAVPe01819,LWHHIWNTVHHLI
DRAVPe01818,LWHHIWNFVHGLI
DRAVPe01817,LWGHIWNFVHGLI
DRAVPe01816,LWGEIWNTVKGLI
DRAVPe01815,ILSYLWNGIKSIF
DRAVPe01814,ILGKIWEGIKSIF
DRAVPe01811,IFKAIWSGIKSLF
DRAVPe01809,FIKRIARLLRKIF
DRAVPe01746,VEPGQLKLNWFKK
DRAVPe01642,AGVSGHGQHGVHG
DRAVPe01641,RGVSGHGQHGVHG
DRAVPe01640,KGVSGHGQHGVHG
DRAVPe01571,RRQRPRLSHKGPX
DRAVPe01570,RRQRPRLSHKGPM
DRAVPe01565,QRPRLSHKGPMPF
DRAVPe01551,FFPVIGRILNGIL
DRAVPe01535,RLFDKIRQVIRKF
DRAVPe01534,FKRIVQRIKDFLR
DRAVPe01528,FLKGIVGMLGKLF
DRAVPe01527,FLSGIVGMLGKLF
DRAVPe01525,LLPIVGNLLKSLL
DRAVPe01480,VSFAIKWEYVLLL
DRAVPe01474,AIKWEYVLLLFLL
DRAVPe01465,CDVIALLACHLNT
DRAVPe01415,ACFPWGNTACGGK
DRAVPe01414,ACFPWGNAWCGGK
DRAVPe01413,ACFPWGATWCGGK
DRAVPe01412,ACFPWANTWCGGK
DRAVPe01411,ACFPAGNTWCGGK
DRAVPe01410,ACFAWGNTWCGGK
DRAVPe01409,ACAPWGNTWCGGK
DRAVPe01406,ACFPWGNQWCGGK
DRAVPe01405,ACFPWGNQWCGGK
DRAVPe01404,ACFPWGKEYCGGK
DRAVPe01403,ACFPWGKEYCGGK
DRAVPe01402,ACFPWGNTWCGGK
DRAVPe01401,ACFPWGNTWCGGK
DRAVPe01261,ILMCFSIDSPDSL
DRAVPe01258,CFSIDSPDSLENI
DRAVPe01253,TDVILMCFSIDSP
DRAVPe01203,RRKKLAVLLALLA
DRAVPe01197,RRKKAVLLALLAP
DRAVPe01156,MDVNPTLLFLKVP
DRAVPe01080,SWLRDIWDWICEV
DRAVPe01072,KKKKLLLPFYFLF
DRAVPe01071,KKKKLLLPTLVFF
DRAVPe01070,KKKKLLLAFLFLF
DRAVPe01069,KKKKLLLAFYFFF
DRAVPe01068,KKKKLLAPFLVFF
DRAVPe01067,KKKKLVLPFLFVF
DRAVPe01066,KKKKLVLPFLLFF
DRAVPe01065,KKKKLVLPFYFFF
DRAVPe01064,KKKKLVLPTLFFF
DRAVPe01063,KKKKLVLAFLFFF
DRAVPe01062,KKKKVLLPFYFFF
DRAVPe01061,KKKKVLAPFLFFF
DRAVPe01060,KKKKLLLPFLVLF
DRAVPe01059,KKKKLLLPTYFFF
DRAVPe01058,KKKKLLLATLFFF
DRAVPe01057,KKKKLLAAFLFFF
DRAVPe01056,KKKKLVAPFLFFF
DRAVPe01055,KKKKVVLPFLFFF
DRAVPe01054,KKKKLLLPFLFFF
DRAVPe01053,KKKKLLLPFLFLF
DRAVPe01052,KKKKLLLPFYFFF
DRAVPe01051,KKKKLLLAFLFFF
DRAVPe01050,KKKKLLAPFLFFF
DRAVPe01049,KKKKLVLPFLFFF
DRAVPe01048,KKKKVLLPFLFFF
DRAVPe01047,KKKKVVAATLVLF
DRAVPe01046,KKKKVVAAFYVLF
DRAVPe01045,KKKKVVAAFYFLV
DRAVPe01044,KKKKVVAAFLVLV
DRAVPe01043,KKKKVVAPTYVLF
DRAVPe01042,KKKKVVAPTYFLV
DRAVPe01041,KKKKVVAPTLVLV
DRAVPe01040,KKKKVVAPFYVLV
DRAVPe01039,KKKKVVLAFYVLV
DRAVPe01038,KKKKVLAPTYVLV
DRAVPe01037,KKKKLVAATYVLF
DRAVPe01036,KKKKLVAATYVFV
DRAVPe01035,KKKKLVAAFYVLV
DRAVPe01034,KKKKLVLATYVLV
DRAVPe01033,KKKKLLLPTLFFV
DRAVPe01032,KKKKLLLAFLFFV
DRAVPe01031,KKKKLLAPFLFFV
DRAVPe01030,KKKKLVLPFLFFV
DRAVPe01029,KKKKVVLATLVLV
DRAVPe01028,KKKKVVAATYVPV
DRAVPe01027,KKKKVPAATYVLV
DRAVPe01026,KKKKPVAATYVLV
DRAVPe01025,KKKKVVAATYVLV
DRAVPe01024,KKKKVVAATYVLG
DRAVPe01023,KKKKVVAATYVGV
DRAVPe01022,KKKKVVAATGVLV
DRAVPe01021,KKKKVVAAGYVLV
DRAVPe01020,KKKKVVAGTYVLV
DRAVPe01019,KKKKVVGATYVLV
DRAVPe01018,KKKKVVAATYVLT
DRAVPe01017,KKKKVVAATTVLV
DRAVPe01016,KKKKVVATTYVLV
DRAVPe01015,KKKKVVTATYVLV
DRAVPe01014,KKKKVTAATYVLV
DRAVPe01013,KKKKTVAATYVLV
DRAVPe01012,KKKKVVAKTYVLV
DRAVPe01011,KKKKVVKATYVLV
DRAVPe01010,KKKKVKAATYVLV
DRAVPe01009,KKKKVVAATEVLV
DRAVPe01008,KKKKVVAAEYVLV
DRAVPe01007,KKKKVVAETYVLV
DRAVPe01006,KKKKEVAATYVLV
DRAVPe01005,KKKKVVAATYVLF
DRAVPe01004,KKKKVVAATYVFV
DRAVPe01003,KKKKVVAATYFLV
DRAVPe01002,KKKKVVAATFVLV
DRAVPe01001,KKKKVVAAFYVLV
DRAVPe01000,KKKKVVAFTYVLV
DRAVPe00999,KKKKVVFATYVLV
DRAVPe00998,KKKKVFAATYVLV
DRAVPe00997,KKKKFVAATYVLV
DRAVPe00996,KKKKVVAATYVLL
DRAVPe00995,KKKKVVAATYLLV
DRAVPe00994,KKKKVVAALYVLV
DRAVPe00993,KKKKVVLATYVLV
DRAVPe00992,KKKKVLAATYVLV
DRAVPe00991,KKKKVVAATYVLA
DRAVPe00990,KKKKVVAATYVAV
DRAVPe00989,KKKKVVAATAVLV
DRAVPe00988,KKKKVVAAAYVLV
DRAVPe00987,KKKKVAAATYVLV
DRAVPe00986,KKKKAVAATYVLV
DRAVPe00960,DDSVVAAMSYSHA
DRAVPe00959,DDSVVAAMSYSFA
DRAVPe00958,DDSVVAAMSYSYA
DRAVPe00831,ALWKTMLKKLGTM
DRAVPe00779,XGVSGHGQHGVHG
DRAVPe00778,XGVSGHGQHGVHG
DRAVPe00777,XGVSGHGQHGVHG
DRAVPe00776,WGVSGHGQHGVHG
DRAVPe00775,YGVSGHGQHGVHG
DRAVPe00774,FGVSGHGQHGVHG
DRAVPe00757,LWHHIWHTVHHLI
DRAVPe00756,LWHHIWNTVHHLI
DRAVPe00755,LWHHIWNFVHGLI
DRAVPe00754,LWGHIWNFVHGLI
DRAVPe00753,LWGEIWNTVKGLI
DRAVPe00702,ILAWKWAWWAWPP
DRAVPe00701,ILPWGWPWWPWRR
DRAVPe00700,ILPWGWPWWPWPP
DRAVPe00697,ILPWKWPWWPWPP
DRAVPe00696,ILPWKWPWWPWRR
DRAVPe00489,QETAYFLLKLAGR
DRAVPe00478,QAKTFLDKFNHEA
DRAVPe00396,FVPWFSKFlXRIL
DRAVPe00395,FVPWFSKFlXRIL
DRAVPe00394,FVPWFSKFlXRIL
DRAVPe00393,FVPWFSKFlXRIL
DRAVPe00388,FVPWFSKFlXRIL
DRAVPe00387,FVPWFSKFlXRIL
DRAVPe00386,FVPWFSKFlwRIL
DRAVPe00385,FVPWFSKFlWRIL
DRAVPe00384,FVPWFSKFlkRIL
DRAVPe00383,FVPWFSKFlKRIL
DRAVPe00382,FVPWFSKFlxRIL
DRAVPe00381,FVPWFSKFlxRIL
DRAVPe00380,FVPWFSKFlXRIL
DRAVPe00379,FVPWFSKFlpRIL
DRAVPe00378,FVPWFSKFlPRIL
DRAVPe00377,FVPWFSKFlGRIL
DRAVPe00376,FVQWFSKFLGRIL
DRAVPe00369,FLPLIGRVLSGIL
DRAVPe00329,GWLKKIESIIDAF
DRAVPe00328,GFLDIIEKIAKSW
DRAVPe00327,GIWSDLAEIIKKF
DRAVPe00326,GIFDKLAKEISIW
DRAVPe00325,GWFDIIKKIASEL
DRAVPe00324,GIIDIAKKLFESW
DRAVPe00323,GLWEKIDKFASII
DRAVPe00322,GLFDIIKKIAESW
DRAVPe00310,FFGKVLKLIRKIF
DRAVPe00304,GWFDVVKHIAKRF
DRAVPe00276,AEASQVTNTATIM
DRAVPe00189,KWLTEWIPLTAEC
DRAVPe00184,GTKAATEVIPLTC
DRAVPe00183,GTKALTEVIPLTC
DRAVPe02462,KKKKVVAATYVLVK
DRAVPe02447,AKLEVVAATYKKKK
DRAVPe02446,AESTTPCSGSYLKA
DRAVPe02445,KKKKVVAATYKKKA
DRAVPe02444,KKKKVVAATYVLKK
DRAVPe02442,FDEMEESSSHLPYI
DRAVPe02434,FDEMEECASHLPYA
DRAVPe02432,ADLKVVAATYVLVA
DRAVPe02428,DDSVVSAAMSYSHA
DRAVPe02427,EDCSTPSSGSFLDR
DRAVPe02424,SEDVVSSSMSYTFT
DRAVPe02418,ADKEVVAATYVKKK
DRAVPe02414,AKLEVVAATYVKKK
DRAVPe02412,KKKKVVAATYVFVA
DRAVPe02404,KKKKVVAATYKLKA
DRAVPe02403,FDEMEECSQHLPYA
DRAVPe02397,AKLKVVAATYVKKK
DRAVPe02281,SCTTCVCTCSCCTT
DRAVPe02097,INLKILARLAKKIL
DRAVPe02096,INLKALAALAKKIL
DRAVPe02007,HAVGNDTSNHGVTA
DRAVPe01828,QMRRKVELFTYMRF
DRAVPe01825,MRRKVELFTYMRFD
DRAVPe01644,KANEGLTWNSLKDK
DRAVPe01635,RRRRRRRXLDPAFR
DRAVPe01610,RWWRWWRRWWRWWR
DRAVPe01605,CSSHFPYSQYQFWK
DRAVPe01479,VSFAIKWEYVLLLF
DRAVPe01473,FAIKWEYVLLLFLL
DRAVPe01326,MANAGLQLLGFILA
DRAVPe01260,ILMCFSIDSPDSLE
DRAVPe01202,RRKKLLAVLLALLA
DRAVPe01196,RRKKPAVLLALLAP
DRAVPe01155,MDVNPTLLFLKVPA
DRAVPe01134,HRRYFTFGGGYVYF
DRAVPe01128,RRGRVGRNPNQVGD
DRAVPe01123,RRGRIGRNPSQVGD
DRAVPe01116,RRGRTGRGRRGIYR
DRAVPe01085,DIWDWICEVLSDFK
DRAVPe01079,SWLRDIWDWICEVL
DRAVPe01075,AECVVSCSMSYTKA
DRAVPe00985,KDLKVVAATYVKKK
DRAVPe00984,ADLEVVAATYAAAA
DRAVPe00983,ADLEVVAATYKKKK
DRAVPe00982,ADLEVVAATYVKKK
DRAVPe00981,KKKKVVAATYKKKK
DRAVPe00980,AKLKVVAATYVLKK
DRAVPe00979,KKKKVVAATYKKVA
DRAVPe00978,KKKKVVAATYVLFA
DRAVPe00977,KKKKVVAATYVLVF
DRAVPe00976,KKKKVVAATYFLVA
DRAVPe00975,KKKKVVAATYFFFA
DRAVPe00974,KKKKVVAATYVKKA
DRAVPe00973,ADLEVVAATYVDVD
DRAVPe00972,ADLEVVAATYVLDD
DRAVPe00971,ADLEVVAATYVDDA
DRAVPe00970,ADLEVVAATYVLVD
DRAVPe00969,ADLEVVAATYVLDA
DRAVPe00968,ADLEVVAATYVDVA
DRAVPe00967,ADLEVVAATYVDDD
DRAVPe00966,DDDEVVAATYVLVA
DRAVPe00965,KKKKVVAATYVLVA
DRAVPe00963,ADLEVVAATHVLVA
DRAVPe00962,ADLEVVAATFVLVA
DRAVPe00961,ADLEVVAATYVLVA
DRAVPe00957,DDSVVSAAMSYSFA
DRAVPe00956,DDSVVSAAMSYSYA
DRAVPe00955,DDSVVCAAMSYSHA
DRAVPe00954,DDSVVCAAMSYSFA
DRAVPe00953,DDSVVCAAMSYSYA
DRAVPe00830,ALWKTMLKKLGTMA
DRAVPe00488,AGERIVDIIATDIQ
DRAVPe00391,CFVPWFSKFlXRIL
DRAVPe00389,FVPWFSKFlXRILC
DRAVPe00309,FRPALIVRTKGTRL
DRAVPe00308,IKWKKLLRAAKRIL
DRAVPe00307,INLKAIAALAKKLL
DRAVPe00306,FLFPLITSFLSKVL
DRAVPe00277,AEAMSQVANTATIM
DRAVPe00275,AEAASQVTNTATIM
DRAVPe00274,AEAMSQVTNTATIM
DRAVPe00080,IHFRIGRRRRRRRR
DRAVPe00079,LQQLLFRRRRRRRR
DRAVPe00077,TNWLWYIKIFIMIV
DRAVPe00072,NQIIEQLIKKEKVY
DRAVPe02689,RRLQVGGGTLKFFLT
DRAVPe02678,KNGRKLCLDLQAALY
DRAVPe02667,HCIYATTNDALIFSV
DRAVPe02662,AYQPLLSNTLAELYV
DRAVPe02619,DGSWSTVSSGADTED
DRAVPe02617,QSPPAIPALGTNVKK
DRAVPe02616,FYHSKRRLIFSKRKP
DRAVPe02611,AFKQSPPAIPALGTN
DRAVPe02609,SMTDFYHSKRRLIFS
DRAVPe02606,VKKRRHGDEDMFYMH
DRAVPe02604,AIPALGTNVKKRRHG
DRAVPe02602,RRHGDEDMFYMHVRG
DRAVPe02601,GRKRRQTSMTDFYHS
DRAVPe02598,TAFHRDDHETDMELK
DRAVPe02597,ATHIKVGQPQYYQAN
DRAVPe02596,NPNAIASVTVGRRVS
DRAVPe02595,QLGENNELRLTRDAI
DRAVPe02594,VCRSTAKYVRNNLET
DRAVPe02593,TVAWDWVPKRPSVCT
DRAVPe02592,TTNLTEYPLSRVDLG
DRAVPe02591,ASANASVERIKTTSS
DRAVPe02590,YEDQGPLVEGQLGEN
DRAVPe02589,QRRNQLHDLRFADID
DRAVPe02588,TGDFVYMSPFYGYRE
DRAVPe02587,RPEGQNYTEGIAVVF
DRAVPe02586,DMELKPANAATRTSR
DRAVPe02585,EYPLSRVDLGDCIGK
DRAVPe02584,PSVCTMTKWQEVDEM
DRAVPe02583,ADRFKQVDGFYARDL
DRAVPe02582,LRDIKAENTDANFYV
DRAVPe02581,RHEIKDSGLLDYTEV
DRAVPe02580,SHQLSRADITTVSTF
DRAVPe02579,PLVEGQLGENNELRL
DRAVPe02578,QFEQPRRCPTRPEGQ
DRAVPe02577,TTKARATAPTTRNLL
DRAVPe02576,PPNPTPPPPGASANA
DRAVPe02575,ATMYYKDVTVSQVWF
DRAVPe02574,YMSPFYGYREGSHTE
DRAVPe02573,TVSTFIDLNITMLED
DRAVPe02572,LTLWNEARKLNPNAI
DRAVPe02571,LHDLRFADIDTVIHA
DRAVPe02570,GSHTEHTTYAADRFK
DRAVPe02569,VDARSVYPYDEFVLA
DRAVPe02568,WVPKRPSVCTMTKWQ
DRAVPe02567,NYTEGIAVVFKENIA
DRAVPe02566,IDLNITMLEDHEFVP
DRAVPe02565,EPCTVGHRRYFTFGG
DRAVPe02564,STCVPVAADNVIVQN
DRAVPe02563,GHRYSQFMGIFEDRA
DRAVPe02562,TRTSRGWHTTDLKYN
DRAVPe02561,YYQANGGFLIAYQPL
DRAVPe02560,REHLREQSRKPPNPT
DRAVPe02559,AANGGPATPAPPPLG
DRAVPe02558,YGYREGSHTEHTTYA
DRAVPe02557,ASVTVGRRVSARMLG
DRAVPe02556,GGSFRFSSDAISTTF
DRAVPe02555,GGFLIAYQPLLSNTL
DRAVPe02554,PATPAPPPLGAAPTG
DRAVPe02553,PSRVEAFHRYGTTVN
DRAVPe02552,PRPAGDNATVAAGHA
DRAVPe02551,NELRLTRDAIEPCTV
DRAVPe02550,SMRISSRPGACYSRP
DRAVPe02549,KNKKPKNPTPPRPAG
DRAVPe02548,CPPPTGATVVQFEQP
DRAVPe02547,YARDLTTKARATAPT
DRAVPe02546,TLREHLRDIKAENTD
DRAVPe02545,QFMGIFEDRAPVPFE
DRAVPe02544,SRPGACYSRPLVSFR
DRAVPe02543,DPKPKKNKKPKNPTP
DRAVPe02542,LQNHELTLWNEARKL
DRAVPe02541,APTSPGTPGVAAATQ
DRAVPe02540,NHIQRHVNDMLGRVA
DRAVPe02539,PYKFKATMYYKDVTV
DRAVPe02538,DLKYNPSRVEAFHRY
DRAVPe02537,TRDAIEPCTVGHRRY
DRAVPe02536,CIVEEVDARSVYPYD
DRAVPe02535,LVSFRYEDQGPLVEG
DRAVPe02534,DDHETDMELKPANAA
DRAVPe02533,LSNTLAELYVREHLR
DRAVPe02532,AAGHATLREHLRDIK
DRAVPe02531,GRRVSARMLGDVMAV
DRAVPe02530,SVERIKTTSSIEFAR
DRAVPe02529,DSGLLDYTEVQRRNQ
DRAVPe02528,ATAPTTRNLLTTPKF
DRAVPe02527,TMLEDHEFVPLEVYT
DRAVPe02526,VGQPQYYQANGGFLI
DRAVPe02525,GWHTTDLKYNPSRVE
DRAVPe02524,EFVLATGDFVYMSPF
DRAVPe02523,ARRYNATHIKVGQPQ
DRAVPe02522,EVDEMLRSEYGGSFR
DRAVPe02521,VIVQNSMRISSRPGA
DRAVPe02520,VYPYDEFVLATGDFV
DRAVPe02519,HTTYAADRFKQVDGF
DRAVPe02518,KDVTVSQVWFGHRYS
DRAVPe02517,MDRIFARRYNATHIK
DRAVPe02516,FADIDTVIHADANAA
DRAVPe02515,ISTTFTTNLTEYPLS
DRAVPe02514,NNLETTAFHRDDHET
DRAVPe02513,AAATQAANGGPATPA
DRAVPe02512,QVDGFYARDLTTKAR
DRAVPe02511,EVIDKINAKGVCRST
DRAVPe02510,IEFARLQFTYNHIQR
DRAVPe02509,MTKWQEVDEMLRSEY
DRAVPe02508,LGRVAIAWCELQNHE
DRAVPe02507,KENIAPYKFKATMYY
DRAVPe02506,RRCPTRPEGQNYTEG
DRAVPe02505,PPPLGAAPTGDPKPK
DRAVPe02504,IAVVFKENIAPYKFK
DRAVPe02503,AENTDANFYVCPPPT
DRAVPe02502,FEDRAPVPFEEVIDK
DRAVPe02501,LRSEYGGSFRFSSDA
DRAVPe02500,HVNDMLGRVAIAWCE
DRAVPe02499,LQFTYNHIQRHVNDM
DRAVPe02498,IAWCELQNHELTLWN
DRAVPe02497,AAPTGDPKPKKNKKP
DRAVPe02496,INAKGVCRSTAKYVR
DRAVPe02495,ARMLGDVMAVSTCVP
DRAVPe02494,DVMAVSTCVPVAADN
DRAVPe02493,PPPPGASANASVERI
DRAVPe02492,HEFVPLEVYTRHEIK
DRAVPe02491,DNATVAAGHATLREH
DRAVPe02490,CYSRPLVSFRYEDQG
DRAVPe02489,AFHRYGTTVNCIVEE
DRAVPe02488,PANAATRTSRGWHTT
DRAVPe02487,EQSRKPPNPTPPPPG
DRAVPe02486,EEYAYSHQLSRADIT
DRAVPe02485,FSSDAISTTFTTNLT
DRAVPe02484,SQVWFGHRYSQFMGI
DRAVPe02483,DARDAMDRIFARRYN
DRAVPe02482,RADITTVSTFIDLNI
DRAVPe02481,ANFYVCPPPTGATVV
DRAVPe02480,GTTVNCIVEEVDARS
DRAVPe02479,TRNLLTTPKFTVAWD
DRAVPe02478,EARKLNPNAIASVTV
DRAVPe02477,RVDLGDCIGKDARDA
DRAVPe02476,KNPTPPRPAGDNATV
DRAVPe02475,GATVVQFEQPRRCPT
DRAVPe02474,GTPGVAAATQAANGG
DRAVPe02473,VAADNVIVQNSMRIS
DRAVPe02472,GYVYFEEYAYSHQLS
DRAVPe02471,AKYVRNNLETTAFHR
DRAVPe02470,LEVYTRHEIKDSGLL
DRAVPe02469,DYTEVQRRNQLHDLR
DRAVPe02468,PVPFEEVIDKINAKG
DRAVPe02439,KKKKVVTSTYVLVEA
DRAVPe02396,DEMEECASHLPYK
DRAVPe02295,YFKSVRTGLRYVYCS
DRAVPe02293,YYSSRWNHGHFTPCS
DRAVPe02245,ARDFYDYDVFYYAMD
DRAVPe02244,ARDFYGYDVFFYAMD
DRAVPe02243,ARDFYGYDVFFYAMD
DRAVPe02240,WTGDFFSSHYTVPRC
DRAVPe02237,ARLPRTMVHPKPAQP
DRAVPe02194,YFKSVRTGLRYVYCS
DRAVPe02193,YYSSRWNHGHFTPCS
DRAVPe02118,VGALAVVVWLWLWLW
DRAVPe02115,GLLGTLGNLLNGLGL
DRAVPe02059,DHVTPDIAYNPWAYF
DRAVPe02058,DHVTPDIAYNPWAFY
DRAVPe02057,DHVTPDIAYNPRTYM
DRAVPe02056,DHVTPDIAYNPRTMY
DRAVPe02025,ARLPRTMVHPKPAQP
DRAVPe02016,SPATAFTVYVFCFLL
DRAVPe01985,IYALLENAEDYNLVN
DRAVPe01950,DHVTPDIAYNPWAYF
DRAVPe01949,DHVTPDIAYNPRTYM
DRAVPe01900,GWAGWLLSPRGSRPS
DRAVPe01833,DSGEGDFLAEGGGVR
DRAVPe01824,QMRRKVELFTYMRFD
DRAVPe01750,LHQNIVDVQYMYGLS
DRAVPe01749,GLLHLHQNIVDVQYM
DRAVPe01748,FGCTWMNSTGFTKTC
DRAVPe01745,CKIPFEIMDLEKRHV
DRAVPe01639,GQGKAHNGRLITANP
DRAVPe01584,PGIWQLDCTHLEGKI
DRAVPe01583,VDCSPGIWQLDCTHL
DRAVPe01582,MHGQVDCSPGIWQLD
DRAVPe01581,KGEAMHGQVDCSPGI
DRAVPe01580,KCQLKGEAMHGQVDC
DRAVPe01579,ASCDKCQLKGEAMHG
DRAVPe01568,RRQRPRLSHKGPMPF
DRAVPe01549,GRFKRFRKKFKKLFK
DRAVPe01478,VSFAIKWEYVLLLFL
DRAVPe01472,SFAIKWEYVLLLFLL
DRAVPe01466,CDVIALLCHLNTPSF
DRAVPe01350,ECRSTSYAGAVVNDL
DRAVPe01259,ILMCFSIDSPDSLEN
DRAVPe01201,RRKKALLAVLLALLA
DRAVPe01195,RRKKLPAVLLALLAP
DRAVPe01184,RAVWRHSVATPSHSV
DRAVPe01183,GWWYKGRARPVSAVA
DRAVPe01182,AETVESCLAKPHTEN
DRAVPe01181,DFRRLPGAFWQLRQP
DRAVPe01180,AVASVPRARGKYWWG
DRAVPe01179,GWWYKGRARAVSAVA
DRAVPe01178,GAWYKGRARPVSAVA
DRAVPe01177,RAVWRHSVATPSHSV
DRAVPe01176,GWWYKGRARPVSAVA
DRAVPe01175,MDVNPCLLFLKVPAQ
DRAVPe01174,MDVNPHLLFLKVPAQ
DRAVPe01173,MDVNPWLLFLKVPAQ
DRAVPe01172,MDVNPFLLFLKVPAQ
DRAVPe01171,MDVNPYLLFLKVPAQ
DRAVPe01170,MDVNPTFLFLKVPAQ
DRAVPe01169,MDVNPYFLFLKVPAQ
DRAVPe01168,MNINPTLLFLKVPAQ
DRAVPe01167,MDVNPTLLFIDVPAQ
DRAVPe01166,MNINPTLLFLKVPIQ
DRAVPe01165,MNINPYPLFIDVPIQ
DRAVPe01164,MDVNPTLLFLKVPAQ
DRAVPe01151,KVPAQNAISTTFPYT
DRAVPe01141,GHRRYFTFGGGYVYA
DRAVPe01140,GHRRYFTFGGGYVAF
DRAVPe01139,GHRRYFTFGAGYVYF
DRAVPe01138,GHRRYFTAGGGYVYF
DRAVPe01137,GHRRYATFGGGYVYF
DRAVPe01136,GHRRAFTFGGGYVYF
DRAVPe01135,GHRAYFTFGGGYVYF
DRAVPe01133,HEVVPLEVYTRHEIK
DRAVPe01132,GHRRYFTFGGGYVYF
DRAVPe01131,KTTSSIEFARLQFTY
DRAVPe01130,TTPKFTVAWDWVPKR
DRAVPe00828,ALHKTMLKKLGTMAL
DRAVPe00827,ALXKTMLKKLGTMAL
DRAVPe00485,QETAYFLLKLAGRWP
DRAVPe00305,VDKPDYRPRPRPPNM
DRAVPe00187,GTKWLTEWIPLTAEC
DRAVPe00186,KWLTEWIPLTAEAEC
DRAVPe00155,RWNKPQKTKGHRGSH
DRAVPe00154,LTEDRWNKPQKTKGH
DRAVPe00153,SVTKLTEDRWNKPQK
DRAVPe00152,PPLPSVTKLTEDRWN
DRAVPe00151,KKIKPPLPSVTKLTE
DRAVPe00150,LITPKKIKPPLPSVT
DRAVPe00149,ALAALITPKKIKPPL
DRAVPe00148,LQYLALAALITPKKI
DRAVPe00147,KVGSLQYLALAALIT
DRAVPe00146,AGHNKVGSLQYLALA
DRAVPe00145,CEYQAGHNKVGSLQY
DRAVPe00144,VSPRCEYQAGHNKVG
DRAVPe00143,RKAILGHIVSPRCEY
DRAVPe00142,ESAIRKAILGHIVSP
DRAVPe00141,LYYFDCFSESAIRKA
DRAVPe00140,QLIHLYYFDCFSESA
DRAVPe00139,DLADQLIHLYYFDCF
DRAVPe00138,QVDPDLADQLIHLYY
DRAVPe00137,RYSTQVDPDLADQLI
DRAVPe00136,LGQGVSIEWRKKRYS
DRAVPe00135,RDWHLGQGVSIEWRK
DRAVPe00134,HTGERDWHLGQGVSI
DRAVPe00133,ESTHPRISSEVHIPL
DRAVPe00132,RHHYESTHPRISSEV
DRAVPe00131,WQVMIVWQVDRMRIR
DRAVPe00089,HFPRIWLHSLGQHIY
DRAVPe00088,FIHFRIGCQHSRIGI
DRAVPe00087,QQLLFIHFRIGCQHS
DRAVPe00086,IRILQQLLFIHFRIG
DRAVPe00085,VEAIIRILQQLLFIH
DRAVPe00084,TWAGVEAIIRILQQL
DRAVPe00083,TYGDTWAGVEAIIRI
DRAVPe00076,LQQLLFIHFRIGCQH
DRAVPe00075,ESELVSQIIEQLIKK
DRAVPe00057,FRKQNPDIVIYQYMD
DRAVPe02402,AKDEMEECASHLPYEA
DRAVPe02329,YYTRWQGGLRYIRPCG
DRAVPe02325,RWLRGLLSGLLRRLLS
DRAVPe02292,RGGRLCYCRRRFCICV
DRAVPe02235,RRKKWLVFFVIFYFFR
DRAVPe02103,GLRCRLGRLLRRLGRC
DRAVPe02100,CRLGRLLRRLGRCLLR
DRAVPe02015,GWKRIKQRIKDKLRNL
DRAVPe01986,SRDKHEEHEKENDRGQ
DRAVPe01957,ALWKTLLKKVLKAAAK
DRAVPe01871,RRKKWLVFFVIFYFFR
DRAVPe01870,WLVFFVIFYFFRRRKK
DRAVPe01804,RGAHIKGRWDSRCHRF
DRAVPe01803,RGAHINGRWDSRCHRF
DRAVPe01802,RGAHIKGRWKSRCHRF
DRAVPe01776,RGAHIKGRWKSRCHRF
DRAVPe01608,RRWYRWWRRRWYRWWR
DRAVPe01483,VSFAIKWEYVLLLFLL
DRAVPe01463,DTRACDVIALLCHLNT
DRAVPe01446,DFHFEVFNFVPBSIBG
DRAVPe01442,KPPSKPNNDFHFEVFN
DRAVPe01327,MANAGLQLLGFILAFL
DRAVPe01257,ILMCFSIDSPDSLENI
DRAVPe01254,TDVILMCFSIDSPDSL
DRAVPe01200,RRKKVALLAVLLALLA
DRAVPe01194,RRKKLLPAVLLALLAP
DRAVPe01189,RRKKAAVALLPAVLLA
DRAVPe01154,MDVNPTLLFLKVPAQN
DRAVPe01084,LRDIWDWICEVLSDFK
DRAVPe01078,SWLRDIWDWICEVLSD
DRAVPe01074,AKDLEVVCSTYVLVEA
DRAVPe01073,AKDLEVVTSTYVLVEA
DRAVPe00829,KALXKTMLKKLGTMAL
DRAVPe00474,TFLDKFNHEAEDLFYQ
DRAVPe00392,CGGFVPWFSKFlXRIL
DRAVPe00390,FVPWFSKFlXRILGGC
DRAVPe02691,LFGLIPSLIGGLVSAFK
DRAVPe02254,LQLEARLQHLVAEILER
DRAVPe02232,GYHHQNEQGSGYAADLK
DRAVPe02203,ELQREESPTGPPGSIRT
DRAVPe02116,GLVGTLLGHIGKAILGG
DRAVPe01885,AGDDQGLDKCVPNSKEK
DRAVPe01835,SEETKENEGFTVTAEGK
DRAVPe01834,GLEEELQFSLGSKINVK
DRAVPe01821,LLMVNEATRFQTVSGFV
DRAVPe01805,GXKRlVQRlKDXlRNLV
DRAVPe01637,LEHGSCVTTMAKDKPTL
DRAVPe01613,APKAMRLLRRLLRRLLR
DRAVPe01598,TRQARRNRRRRWRERQR
DRAVPe01566,KFRRQRPRLSHKGPMPF
DRAVPe01539,GFKRIVQRiKDFlRNLV
DRAVPe01538,GFKRIVQRiKDFLRNLV
DRAVPe01491,LLDCWVRLGRYLLRRLK
DRAVPe01441,KPPSKPNNDFHFEVFNF
DRAVPe01438,KQRQNKPPSKPNNDFHF
DRAVPe01377,FKLRAKIKVRLRAKIKL
DRAVPe01256,VILMCFSIDSPDSLENI
DRAVPe01204,LFRLIKSLIKRLVSAFK
DRAVPe01193,RRKKALLPAVLLALLAP
DRAVPe01188,RRKKAAVALLPAVLLAL
DRAVPe01150,FLKVPAQNAISTTFPYT
DRAVPe01129,AAQRRGRVGRNPNQVGD
DRAVPe01124,AAQRRGRIGRNPSQVGD
DRAVPe01115,STQRRGRTGRGRRGIYR
DRAVPe01114,RTQRRGRTGRGKPGIYR
DRAVPe00663,AEEQQKKNEEELKKLEX
DRAVPe00487,HLKTAVQMAVFIHNFKR
DRAVPe00346,SLSRFLRFLKIVYRRAF
DRAVPe00333,GFNEIVQDIEDFLQNLV
DRAVPe00332,GFKRIVQRIKDFLRNLV
DRAVPe00191,GAKTETLVIPETELEAC
DRAVPe00190,GTKWLTEWIPLTAEAEC
DRAVPe00188,GTKWATEWAPLTAEAEC
DRAVPe00180,GTKALTEVIPLTEAAEC
DRAVPe00179,GTKALTEVIPLTAEAEC
DRAVPe00178,GTKALTEVIPLAEEAEC
DRAVPe00177,GTKALTEVIPATEEAEC
DRAVPe00176,GTKALTEVIALTEEAEC
DRAVPe00175,GTKALTEVAPLTEEAEC
DRAVPe00174,GTKALTEAIPLTEEAEC
DRAVPe00173,GTKALTAVIPLTEEAEC
DRAVPe00172,GTKALAEVIPLTEEAEC
DRAVPe00171,GTKAATEVIPLTEEAEC
DRAVPe00170,GTKGLTEVIPLTEEAEC
DRAVPe00169,GTAALTEVIPLTEEAEC
DRAVPe00168,GAKALTEVIPLTEEAEC
DRAVPe00167,ATKALTEVIPLTEEAEC
DRAVPe00166,GTKALTEVIPLTEEAEC
DRAVPe00003,HGQVDCSPGIWQLDCTH
DRAVPe02629,TNRRPQDVKFPGGGQIVG
DRAVPe02628,GKVIDTLTCGFADLMGYI
DRAVPe02627,RKTSERSQPRGRRQPIPK
DRAVPe02626,PEGRTWAQPGYPWPLYGN
DRAVPe02625,LLPRRGPRLGVRATRKTS
DRAVPe02624,PIPKARRPEGRTWAQPGY
DRAVPe02623,PGDPDLSDGSWSTVSSGA
DRAVPe02622,QPRGRRQPIPKARRPEGR
DRAVPe02621,MGYIPLVGAPLGGAARAL
DRAVPe02620,ARALAHGVRVLEDGVNYA
DRAVPe02618,RLGVRATRKTSERSQPRG
DRAVPe02615,MSTNPKPQRKTKRNTNRR
DRAVPe02614,RRRSRNLGKVIDTLTCGF
DRAVPe02613,VRVLEDGVNYATGNLPGC
DRAVPe02612,QIVGGVYLLPRRGPRLGV
DRAVPe02610,VKFPGGGQIVGGVYLLPR
DRAVPe02608,SPRGSRPSWGPTDPRRRS
DRAVPe02607,QRKTKRNTNRRPQDVKFP
DRAVPe02605,SWGPTDPRRRSRNLGKVI
DRAVPe02603,TCGFADLMGYIPLVGAPL
DRAVPe02600,GAPLGGAARALAHGVRVL
DRAVPe02328,YIVPWNGGSRLIRNSRCG
DRAVPe02297,RICRCICGRRICRCICGR
DRAVPe02272,SDWSLWECCSTGSLFACC
DRAVPe02005,MVDRGWGNGCGLFGKGGI
DRAVPe01994,GELGRPVYVLGDPGYYAT
DRAVPe01992,GELGRLVYLLDGPGYDPI
DRAVPe01982,QDKHEEDYQMYNKGDKED
DRAVPe01899,GWAGWLLSPRGSRPSWGP
DRAVPe01898,LYGNEGCGWAGWLLSPRG
DRAVPe01895,GLLYFAIFFVAAWHIRGR
DRAVPe01790,SKVNGQSGRMEFFWTIAK
DRAVPe01789,SKVNGQSGRMEFFWTALK
DRAVPe01788,SKVNGQSGRMEFAWTILK
DRAVPe01787,SKVNGQSGRMAFFWTILK
DRAVPe01786,SKVNGQSGRAEFFWTILK
DRAVPe01785,SKVNGQAGRMEFFWTILK
DRAVPe01784,SKVNGASGRMEFFWTILK
DRAVPe01783,SKVAGQSGRMEFFWTILK
DRAVPe01782,SKANGQSGRMEFFWTILK
DRAVPe01781,SAVNGQSGRMEFFWTILK
DRAVPe01780,AKVNGQSGRMEFFWTILK
DRAVPe01747,QGSWFGCTWMNSTGF
DRAVPe01727,TLKPIFKLPLGINITNFR
DRAVPe01711,ISLTPLLVCVAALLLLEQ
DRAVPe01710,VISLTPLLVCVAALLLLE
DRAVPe01709,GVISLTPLLVCVAALLLL
DRAVPe01708,RGVISLTPLLVCVAALLL
DRAVPe01707,WRGVISLTPLLVCVAALL
DRAVPe01706,FWRGVISLTPLLVCVAAL
DRAVPe01705,DFWRGVISLTPLLVCVAA
DRAVPe01704,FDFWRGVISLTPLLVCVA
DRAVPe01703,PFDFWRGVISLTPLLVCV
DRAVPe01702,VPFDFWRGVISLTPLLVC
DRAVPe01701,KVPFDFWRGVISLTPLLV
DRAVPe01700,WKVPFDFWRGVISLTPLL
DRAVPe01699,LWKVPFDFWRGVISLTPL
DRAVPe01698,YLWKVPFDFWRGVISLTP
DRAVPe01697,EYLWKVPFDFWRGVISLT
DRAVPe01696,LEYLWKVPFDFWRGVISL
DRAVPe01695,ILEYLWKVPFDFWRGVIS
DRAVPe01694,WILEYLWKVPFDFWRGVI
DRAVPe01693,YWILEYLWKVPFDFWRGV
DRAVPe01692,NYWILEYLWKVPFDFWRG
DRAVPe01691,SNYWILEYLWKVPFDFWR
DRAVPe01690,ASNYWILEYLWKVPFDFW
DRAVPe01689,LASNYWILEYLWKVPFDF
DRAVPe01688,QLASNYWILEYLWKVPFD
DRAVPe01687,EQLASNYWILEYLWKVPF
DRAVPe01686,TEQLASNYWILEYLWKVP
DRAVPe01685,WTEQLASNYWILEYLWKV
DRAVPe01684,RWTEQLASNYWILEYLWK
DRAVPe01683,WRWTEQLASNYWILEYLW
DRAVPe01682,FWRWTEQLASNYWILEYL
DRAVPe01681,EFWRWTEQLASNYWILEY
DRAVPe01680,SEFWRWTEQLASNYWILE
DRAVPe01679,ESEFWRWTEQLASNYWIL
DRAVPe01678,WESEFWRWTEQLASNYWI
DRAVPe01677,KWESEFWRWTEQLASNYW
DRAVPe01676,LKWESEFWRWTEQLASNY
DRAVPe01675,ELKWESEFWRWTEQLASN
DRAVPe01674,CELKWESEFWRWTEQLAS
DRAVPe01673,ACELKWESEFWRWTEQLA
DRAVPe01672,VACELKWESEFWRWTEQL
DRAVPe01671,AVACELKWESEFWRWTEQ
DRAVPe01670,CAVACELKWESEFWRWTE
DRAVPe01669,TCAVACELKWESEFWRWT
DRAVPe01668,LTCAVACELKWESEFWRW
DRAVPe01667,NLTCAVACELKWESEFWR
DRAVPe01666,PNLTCAVACELKWESEFR
DRAVPe01665,VPNLTCAVACELKWESEF
DRAVPe01664,PVPNLTCAVACELKWESE
DRAVPe01634,RRRRRRRXGSLLGRMKGA
DRAVPe01617,WRKWRKRWWWRKWRKRWW
DRAVPe01616,RRRRRRRRRRRRRRRWWW
DRAVPe01615,RRRRRRRWWWRRRRRRRR
DRAVPe01597,SWLRDIWDWKCEVLSDFK
DRAVPe01596,SWLRDIWDWECEVLSDFK
DRAVPe01595,SWLRDIWDWSCEVLSDFK
DRAVPe01594,SWLRDIWDWGCEVLSDFK
DRAVPe01593,SWLRDIWDWACEVLSDFK
DRAVPe01592,SWLRDIWDWVCEVLSDFK
DRAVPe01591,SWLRDLWDWLCELLSDFK
DRAVPe01590,SWLRDIWDWLCELLSDFK
DRAVPe01589,SWLRDLWDWICELLSDFK
DRAVPe01588,SWLRDLWDWLCEVLSDFK
DRAVPe01587,SWLRDIWDWICELLSDFK
DRAVPe01586,SWLRDIWDWLCEVLSDFK
DRAVPe01585,SWLRDLWDWICEVLSDFK
DRAVPe01563,RYICRCICGRGICRCICG
DRAVPe01562,GICRCICGRYICRCICGR
DRAVPe01561,GICRCICGKGICRCICGR
DRAVPe01560,GICRCICGRRICRCICGR
DRAVPe01559,GICRCICGRGICRCICGR
DRAVPe01558,GFCRCICTRGFCRCICTR
DRAVPe01557,GVCRCLCRRGVCRCLCRR
DRAVPe01556,GFCRCLCRRGVCRCICTR
DRAVPe01548,GRFKRIRKKLKKLFKKIS
DRAVPe01547,GRFKRXRKKXKKLFKKIS
DRAVPe01546,GRFKRFRKPFKKLFKKIS
DRAVPe01545,GRFKRFRKKFKKLFKKIS
DRAVPe01537,SKVNGQSGRMEFFWTILK
DRAVPe01519,IPESSELTLQELLGEERR
DRAVPe01518,CWVRLGRELLRRLKTPFT
DRAVPe01517,CWVRLGRELLRRLKEPFT
DRAVPe01515,EWVRLGRELLRRLKEPFT
DRAVPe01513,CWVRLGRKLLRRLKKPFT
DRAVPe01512,KWVRLGRKLLRRLKKPFT
DRAVPe01511,KWVRLGRKLLRRLKKPFK
DRAVPe01510,CWVRIGRYILRRIKTPFT
DRAVPe01509,CWVRLGRYILRRIKTPFT
DRAVPe01508,CWVRLGRYILRRLKTPFT
DRAVPe01507,CWVRLGRYLLRRLKTLFT
DRAVPe01506,CWVRLLRYLLRRLKTLFT
DRAVPe01505,CWVRLLRYLLRRLKTPFT
DRAVPe01504,CWVRLVRYLLRRLKTPFT
DRAVPe01503,CWVRLARYLLRRLKTPFT
DRAVPe01502,CWVRLGRYVLRRLKTPFT
DRAVPe01501,CWVRLGRYALRRLKTPFT
DRAVPe01500,CWVRLGRYSLRRLKTPFT
DRAVPe01499,CWVRLGRYKLRRLKTPFT
DRAVPe01498,VRLGRYLLRRLKTPFTRL
DRAVPe01497,WVRLGRYLLRRLKTPFTR
DRAVPe01496,CWVRLGRYLLRRLKTPFT
DRAVPe01495,DCWVRLGRYLLRRLKTPF
DRAVPe01494,LDCWVRLGRYLLRRLKTP
DRAVPe01487,LLDCWVRLGRYLLRRLKT
DRAVPe01440,KPPSKPNNDFHFEVFNFV
DRAVPe01416,MWKTPTLKYFGGFNFSQI
DRAVPe01335,MASTGLELLGMTLAVLGW
DRAVPe01334,MANSGLQLLGFSMALLGW
DRAVPe01333,MASAGMQILGVVLTLLGW
DRAVPe01332,AGALMFAWLLLGLQGIFN
DRAVPe01331,managlqllgfilaflgw
DRAVPe01325,ALPQWRIYSYAGDNIVTA
DRAVPe01324,VSTALPQWRIYSYAGDNI
DRAVPe01323,GAIVSTALPQWRIYSYAG
DRAVPe01322,GWIGAIVSTALPQWRIYS
DRAVPe01321,AFLGWIGAIVSTALPQWR
DRAVPe01320,FILAFLGWIGAIVSTALP
DRAVPe01319,LLGFILAFLGWIGAIVST
DRAVPe01318,GLQLLGFILAFLGWIGAI
DRAVPe01317,MANAGLQLLGFILAFLGW
DRAVPe01255,DVILMCFSIDSPDSLENI
DRAVPe01199,RRKKAAVALLAVLLALLA
DRAVPe01192,RRKKVALLPAVLLALLAP
DRAVPe01187,RRKKAAVALLPAVLLALL
DRAVPe01153,MDVNPTLLFLKVPAQNAI
DRAVPe01113,SWLRRIWRWICKVLSRFK
DRAVPe01112,SWLRDIWRWICKVLSRFK
DRAVPe01111,SWLDRIWRWICKVLSRFE
DRAVPe01110,SWLRDIWDWICKVLSDFK
DRAVPe01109,SWLDDIWDWICEVLSDFE
DRAVPe01108,SWLRDIWDWIEEVLSDFK
DRAVPe01107,SWLRDIWDWIREVLSDFK
DRAVPe01106,SWLRDIWDWISEVLSDFK
DRAVPe01105,SWLRDVWDWVCTVLSDFK
DRAVPe01104,TWLRAIWDWVCTALTDFK
DRAVPe01103,SWLWEVWDWVLHVLSDFK
DRAVPe01102,DWLRIIWDWVCSVVSDFK
DRAVPe01101,SWLRDVWDWVCTILTDFK
DRAVPe01100,SWLRDVWDWICTVLTDFK
DRAVPe01099,SIWRDWVDLICEFLSDWK
DRAVPe01098,KWLCRIWSWISDVLDDFE
DRAVPe01097,KFDSLVECIWDWIDRLWS
DRAVPe01095,DWLKAFYDKVAEKLKEAF
DRAVPe01094,SWRLDIWDWICESVLDFK
DRAVPe01093,SWRLIDWDWICEVLSDFK
DRAVPe01077,swlrdiwdwicevlsdfk
DRAVPe01076,SWLRDIWDWICEVLSDFK
DRAVPe00683,WEQKIEELLKKAEEQQKK
DRAVPe00654,WEQKIEELLKKAEEQQKX
DRAVPe00593,WEEWDKKIEEYTKKIEEL
DRAVPe00454,RLAAKCAARFAEHGLKRG
DRAVPe00453,RKFFKKIYRFFRKLLKRL
DRAVPe00452,RLFFKCIYRFFEHGLKRG
DRAVPe00345,GFLSILKKVLPKVMAHMK
DRAVPe00311,GNNRPVYIPQPRPPHPRI
DRAVPe00165,RGTKALTEVIPLTEEAEC
DRAVPe00125,WVNQLAVLGLPAVDAAVA
DRAVPe00124,LQEVDAGNFIPPPRWLLL
DRAVPe00123,LVRRRSELMGRRNPVCPG
DRAVPe00122,RFPFHRCGAGPKLTKDLE
DRAVPe00121,VELSEWGVPCATCILDRR
DRAVPe00120,DTVVELSEWGVPCATCIL
DRAVPe00119,SDRDTVVELSEWGVPCAT
DRAVPe00118,SWFASTGGRDSKIDVWSL
DRAVPe00117,HGQNRWPLSCPQYVYGSV
DRAVPe00116,PITHWSHGQNRWPLSCPQ
DRAVPe00115,AIGWGDPITHWSHGQNRW
DRAVPe00114,FCQAIGWGDPITHWSHGQ
DRAVPe00113,LPAFCQAIGWGDPITHWS
DRAVPe00112,TGEKVWDRGNVTLLCDCP
DRAVPe02327,GLRCRLGRLLRRLGRCLLR
DRAVPe02264,ALHALGYQLAFVLDSPSAY
DRAVPe02263,DVREEEQLGERATGLNLNI
DRAVPe02261,VEGQLGENNELRLTRDAIE
DRAVPe02223,SGSWNFFDWFSGLMSWFGG
DRAVPe02220,WNFFDWFSGLMSWFGGPLK
DRAVPe02218,FVGAAVSCDAAFLNLTGCY
DRAVPe02217,LGASSSRFTNWGSVSLSLD
DRAVPe02216,WGCGCFNVNPSCLFVHTYL
DRAVPe02215,YWTGSISPKCLSSRRCHLV
DRAVPe02107,GCRRLLGRLLRRLGRLLCR
DRAVPe02106,GLRCRLGRLLRRLGRCLLR
DRAVPe02105,GLRRLCGRLGRRLCRLLLR
DRAVPe02104,GCRRLCGRLGRRLCRLLCR 
DRAVPe02101,GLRCLRLRGRLRLGRCLLR
DRAVPe02084,FLPIIINLKALAALAKKIL
DRAVPe02082,GKKYRRFRWKFKGKWFWFG
DRAVPe02039,KLTILNKDGILRSVILSFN
DRAVPe02038,RTILLFIGVKDLLKNSNSI
DRAVPe02033,WNFFDWFSGLMSWFGGPLK
DRAVPe01948,MGRFKRFRKKFKKLFKKLS
DRAVPe01934,LNLFKKTINGLISDSLVIR
DRAVPe01896,HGLLYFAIFFVAAWHIRGR
DRAVPe01734,GYFVQDDGEWKFTGSSYYY
DRAVPe01731,GVFVFNGTSWFITQRNFFS
DRAVPe01728,MWKTPTLKYFGGFNFSQIL
DRAVPe01569,RRKFRRQRPRLSHKGPMPF
DRAVPe01516,EWVRLGRELLRRLKEPFE
DRAVPe01514,CWVRLGRKLLRRLKTPFT
DRAVPe01490,LLDCWVRLGRYLLRRLKTP
DRAVPe01485,RQMRAWGQDYQHGGMGYSC
DRAVPe01469,MAVGLVLCDWWLGEYLLEA
DRAVPe01439,KPPSKPNNDFHFEVFNFVP
DRAVPe01424,GLASTLTRWAHYNALIRAF
DRAVPe01421,GYFVQDDGEWKFTGSSYYY
DRAVPe01419,GVFVFNGTSWFITQRNFFS
DRAVPe01251,TDVILMCFSIDSPDSLENA
DRAVPe01250,TDVILMCFSIDSPDSLEAI
DRAVPe01249,TDVILMCFSIDSPDSLANI
DRAVPe01248,TDVILMCFSIDSPDSAENI
DRAVPe01247,TDVILMCFSIDSPDALENI
DRAVPe01246,TDVILMCFSIDSPASLENI
DRAVPe01245,TDVILMCFSIDSADSLENI
DRAVPe01244,TDVILMCFSIDAPDSLENI
DRAVPe01243,TDVILMCFSIASPDSLENI
DRAVPe01242,TDVILMCFSADSPDSLENI
DRAVPe01241,TDVILMCFAIDSPDSLENI
DRAVPe01240,TDVILMCASIDSPDSLENI
DRAVPe01239,TDVILMAFSIDSPDSLENI
DRAVPe01238,TDVILACFSIDSPDSLENI
DRAVPe01237,TDVIAMCFSIDSPDSLENI
DRAVPe01236,TDVALMCFSIDSPDSLENI
DRAVPe01235,TDAILMCFSIDSPDSLENI
DRAVPe01234,TAVILMCFSIDSPDSLENI
DRAVPe01233,ADVILMCFSIDSPDSLENI
DRAVPe01232,CSIELSDIPLSVDFNTMID
DRAVPe01231,TDVILMCFSIDSPDSLENI
DRAVPe01191,RRKKAVALLPAVLLALLAP
DRAVPe01186,RRKKAAVALLPAVLLALLA
DRAVPe01149,LLFLKVPAQNAISTTFPYT
DRAVPe01091,SWLRDIWDWICEVLSDFKT
DRAVPe01090,GSWLRDIWDWICEVLSDFK
DRAVPe00826,ALWKTMLKKLGTMALHAGK
DRAVPe00592,WEEWDKKIEEYTKKIEELI
DRAVPe00468,TFLVHREWFMDLNLPWSSA
DRAVPe00466,VVDRGWGNGAGLFGKGSID
DRAVPe00464,AWLVHRQWFLDLPLPWLPG
DRAVPe00462,MVDRGWGNHAGLFGKGSIV
DRAVPe00344,GLADFLNKAVGKVVDFVKS
DRAVPe00343,GFKDLLKGAAKALVKTVLF
DRAVPe00338,KGRGKQGGKVRAKAKTRSS
DRAVPe00337,GLRRLLGRLLRRLGRLLLR
DRAVPe00336,GLKKLLGKLLKKLGKLLLK
DRAVPe00315,GFGKAFHSVSNFAKKHKTA
DRAVPe00312,GKPRPYSPRPTSHPRPIRV
DRAVPe00073,IKKEKVYLAWVPAHKGIGN
DRAVPe02700,YNYKYRYLRHGKLRPFERDI
DRAVPe02699,TKFPSVYAWERKKISNCVAD
DRAVPe02698,KGIYQTSNFRVVPSGDVVRF
DRAVPe02696,YKGYQPIDVVRDLPSGFNTL
DRAVPe02695,KSNVVRGWVFGSTMNNKSQS
DRAVPe02679,ALDKAEESNSKADKVNVKLT
DRAVPe02675,VETTVTTAQETKRGRIQTKK
DRAVPe02673,PSSKRFQPFQQFGRDVSDFT
DRAVPe02647,RRKKAAVALLPAVLEALLAP
DRAVPe02646,RRKKAAVALLPAVELALLAP
DRAVPe02645,RRKKAAVALLPAVKLALLAP
DRAVPe02644,RRKKAAVAALPAVLLALLAP
DRAVPe02643,RRKKAAVALLKAVLLALKAP
DRAVPe02642,RRKKAAVALLPAVLLAKLAP
DRAVPe02641,RRKKAAVALKPAVLLALLAP
DRAVPe02640,RRKKAAVALLPAVLLAELAP
DRAVPe02639,RRKKAAVALAPAVLLALLAP
DRAVPe02638,RRKKAAVALLKAVLLAALAP
DRAVPe02637,RRKKAAVALLPAVLAALLAP
DRAVPe02636,RRKKAAVALLPAVLLALEAP
DRAVPe02635,RRKKAAVALLPAVALALLAP
DRAVPe02634,RRKKAAVALLPAVLKALLAP
DRAVPe02633,RRKKAAVALEPAVLLALLAP
DRAVPe02632,RRKKAAVAKLPAVLLALLAP
DRAVPe02631,RRKKAAVAELPAVLLALLAP
DRAVPe02630,RRKKAAVALLKAVLLALAAP
DRAVPe02324,RWLRGLLSGLLRRLLSGLLL
DRAVPe02315,DWTKNIKDKIDKIIHDFVDK
DRAVPe02276,ILGPVISTIGGVLGGLLKNL
DRAVPe02274,KTCENLADTFRGPCFATSNC
DRAVPe02271,SNASVWECCSTGSWVPFTCC
DRAVPe02234,GLFGAIAGFIKNGWKGMIKG
DRAVPe02231,GLFGAIAGFIKNGWKGMIKG
DRAVPe02222,SWNFFDWFSGLMSWFGGPLK
DRAVPe02188,YTDVMVDVNGTAITRLFYCD
DRAVPe02187,VNFSISSVEEYGFWTIAYTN
DRAVPe02186,LFYKYTSLQGLYTYSNLVEL
DRAVPe02185,YHWMNVTLHVVLNDTEKKYD
DRAVPe02184,YGFWTIAYTNYTDVMVDVNG
DRAVPe02157,IQKEIDRLNEVAKNLNESLI
DRAVPe02156,QYGSFCTQLNRALSGIAAEQ
DRAVPe02153,YQDVNCTDVSTAIHADQLTP
DRAVPe02152,PTTFMLKYDENGTITDAVDC 
DRAVPe02146,AVVVDAVVVDAVVVDAVVVD
DRAVPe02135,ECASTCSFGIVTIVCDGTTK
DRAVPe02092,GADFQECMKEHSQKQHQHQG
DRAVPe02000,ELLVTFKNAHAKKQEVVVLG
DRAVPe01998,GELDELVYLLDGPGYDPIHS
DRAVPe01961,QSHLSLCRWCCNCCRSNKGC
DRAVPe01891,RRKKAAVALLPAVLLALLAP
DRAVPe01879,GKKYRRFRWKFKFGKWFWFG
DRAVPe01878,GCKKYRRFRWKFKGKFWFWG
DRAVPe01808,MITHGCYTRTRHKHKLKKTL
DRAVPe01806,gikefkrivqrikdflrnlv
DRAVPe01801,IPLRGAFINGRWDSQCHRFS
DRAVPe01614,RLLRRLLRRLLRRLLRRLLR
DRAVPe01612,YRWWRWARRWYRWWRWARRW
DRAVPe01606,QKEGLHYTCSSHFPYSQYQF
DRAVPe01578,KGEAMHGQVDCSPGIWQLDC
DRAVPe01544,GIKEFKREFQRIKDFLRNLV
DRAVPe01543,GIKQFKRIVQRIKDFLRNLV
DRAVPe01542,GIKEWKRIVQRIKDFLRNLV
DRAVPe01541,GIKEXKRIVQRIKDFLRNLV
DRAVPe01540,GIKEFKRIVQRIKDFLRNLV
DRAVPe01532,KRIVQRIKDFLRNLVPRTES
DRAVPe01493,CWVRLGRYLLRRLKTPFTRL
DRAVPe01486,FWFTLIKTQAKQPARYRRFC
DRAVPe01471,IEVTFVNRRGDGAELWYLSA
DRAVPe01470,PVLQPALSLSCGPEPLLLSC
DRAVPe01468,SSCNMGWDTPACCVWFPYWV
DRAVPe01445,KPNNDFHFEVFNFVPBSIBG
DRAVPe01423,AAHLIDALYAEFLGGRVLTT
DRAVPe01400,LPRRLHLEPAFLPYSVKAHE
DRAVPe01398,RRLHLEPAFLPYSVKAHECC
DRAVPe01397,PPSAVCNYEVAEDPSYVREH
DRAVPe01396,YVREHGVPIHADKYFEQVLK
DRAVPe01395,EQVLKAVTNVLSPVFPGGET
DRAVPe01394,PGGETARKDKFLHMVLPRRL
DRAVPe01328,MANAGLQLLGFILAFLGWIG
DRAVPe01185,RRKKAAVALLPAVLLALLAP
DRAVPe01152,MDVNPTLLFLKVPAQNAIST
DRAVPe01092,SWLRDIWDWICEVLSDFKTW
DRAVPe01089,SGSWLRDIWDWICEVLSDFK
DRAVPe00896,PQMELRRNGRQCGMSEKEEE
DRAVPe00895,MPEVEGEEIQPQMELRRNGR
DRAVPe00894,HKILGYTVIAMPEVEGEEIQ
DRAVPe00893,TLVDCIRNCIHKILGYTVIA
DRAVPe00892,GVLLLILCLPTLVDCIRNCI
DRAVPe00891,LLGGILGIGLGVLLLILCLP
DRAVPe00890,IGNIPQYLKGLLGGILGIGL
DRAVPe00889,LQKWEDWVRWIGNIPQYLKG
DRAVPe00888,NVQGKTGIQQLQKWEDWVRW
DRAVPe00887,YEIIMDIEQNNVQGKTGIQQ
DRAVPe00886,NQTKDLQQKFYEIIMDIEQN
DRAVPe00885,HGNITLGEWYNQTKDLQQKF
DRAVPe00884,NMTINQTIWNHGNITLGEWY
DRAVPe00883,LGCNQNQFFCKIPLELWTRY
DRAVPe00882,FLYTAFAMQELGCNQNQFFC
DRAVPe00881,IGLKVEAMEKFLYTAFAMQE
DRAVPe00880,LVTLEHQVLVIGLKVEAMEK
DRAVPe00879,TGALKINNLRLVTLEHQVLV
DRAVPe00878,ATHQEAIEKVTGALKINNLR
DRAVPe00877,GMVTQYHQVLATHQEAIEKV
DRAVPe00876,AGAGTGATAIGMVTQYHQVL
DRAVPe00872,YQVVKQPDYLLVPEEVMEYK
DRAVPe00871,VAGLRQSLEQYQVVKQPDYL
DRAVPe00870,RGILRNWYNPFAGLRQSLEQ
DRAVPe00869,SGTKMACPSNRGILRNWYNP
DRAVPe00866,NIAGNWSCTSDLPSSWGYMN
DRAVPe00865,FNMTKAVEMVNIAGNWSCTS
DRAVPe00864,TMKVDDLIVHFNMTKAVEMV
DRAVPe00863,MYNCSLQNGFTMKVDDLIVH
DRAVPe00862,PVDCTMYSNKMYNCSLQNGF
DRAVPe00861,GSDTSLIDTCGNTPNVSGAN
DRAVPe00860,RFRIRCRWNVGSDTSLIDTC
DRAVPe00859,RNKSNLHTEARFRIRCRWNV
DRAVPe00858,TGAWIEFGCHRNKSNLHTEA
DRAVPe00857,MRSSGDYGEVTGAWIEFGCH
DRAVPe00856,CNSTKNLTFAMRSSGDYGEV
DRAVPe00855,KSKKVKISLPCNSTKNLTFA
DRAVPe00851,QIQDPEIPKCGWWNQMAYYN
DRAVPe00850,PNQTCMWNTSQIQDPEIPKC
DRAVPe00849,KQLSYCTDPLQIPLINYTFG
DRAVPe00848,GGKMLYNKVTKQLSYCTDPL
DRAVPe00847,GKINISLCLTGGKMLYNKVT
DRAVPe00846,YLDRVDTWLQGKINISLCLT
DRAVPe00845,SGCANNTCYNVSVIVPDYQC
DRAVPe00844,TRQCRRGRIWKRWNETITGP
DRAVPe00843,EIWATLFKKATRQCRRGRIW
DRAVPe00842,EGPTLGNWAREIWATLFKKA
DRAVPe00841,LKAKTNISIREGPTLGNWAR
DRAVPe00758,WQCLTLTHRGFVLLTITVLR
DRAVPe00646,EXINXSLXFIRXSDALLHNV
DRAVPe00645,EKIXQSLXFIXKSDXLLHNA
DRAVPe00644,EKIXQSLXFIXKSDXLLHAV
DRAVPe00643,EKIXQSLXFIXKSDXLLANV
DRAVPe00642,EKIXQSLXFIXKSDXALHNV
DRAVPe00641,EKIXQSLXFIXKSAXLLHNV
DRAVPe00640,EKIXQSLXFIXKADXLLHNV
DRAVPe00639,EKIXQSLXFIXASDXLLHNV
DRAVPe00638,EKIXQSLXFAXKSDXLLHNV
DRAVPe00637,EKIXQSLXAIXKSDXLLHNV
DRAVPe00636,EKIXQSAXFIXKSDXLLHNV
DRAVPe00635,EKIXQALXFIXKSDXLLHNV
DRAVPe00634,EKIXASLXFIXKSDXLLHNV
DRAVPe00633,EKAXQSLXFIXKSDXLLHNV
DRAVPe00632,EAIXQSLXFIXKSDXLLHNV
DRAVPe00631,AKIXQSLXFIXKSDXLLHNV
DRAVPe00630,EKINQSLXFIAXSDXLLHXV
DRAVPe00629,EKIAQSLXFIRXSDXLLHXV
DRAVPe00628,EKIXQSLXFIRXSDELLHXV
DRAVPe00627,XKINQSLXFIRXSDELLHXV
DRAVPe00626,EXINXSLXFIRXSDELLHNV
DRAVPe00625,EKIXQSLXFIXKSDXLLHNV
DRAVPe00624,EKINQSLXFIRXSDXLLHXV
DRAVPe00623,EKINQSLAFIRKSDELLHNV
DRAVPe00610,MTWEEWDKKIEEYTKKIEEL
DRAVPe00591,WEEWDKKIEEYTKKIEELIK
DRAVPe00546,LQQLLFIHFRIARRRRRRRR
DRAVPe00545,LQQLLFIHFRAGRRRRRRRR
DRAVPe00544,LQQLLFIHFAIGRRRRRRRR
DRAVPe00543,LQQLLFIHARIGRRRRRRRR
DRAVPe00542,LQQLLFIAFRIGRRRRRRRR
DRAVPe00541,LQQLLFAHFRIGRRRRRRRR
DRAVPe00540,LQQLLAIHFRIGRRRRRRRR
DRAVPe00539,LQQLAFIHFRIGRRRRRRRR
DRAVPe00538,LQQALFIHFRIGRRRRRRRR
DRAVPe00537,LQALLFIHFRIGRRRRRRRR
DRAVPe00536,LAQLLFIHFRIGRRRRRRRR
DRAVPe00535,AQQLLFIHFRIGRRRRRRRR
DRAVPe00521,LQQLLFIHFRIGRRRRRRRR
DRAVPe00456,FLPLILPSIVTALSSFLKQG
DRAVPe00341,SWKSMAKKLKEYMEKLKQRA
DRAVPe00331,ILGPVLGLVSRTLRRVLGIL
DRAVPe00330,ILGPVLGLVSDTLDDVLGIL
DRAVPe00230,KVINPEPIVEPFMSKPFALF
DRAVPe00229,LEKIPMSIPpEVXFNKPFVF
DRAVPe00228,LEAIPMGIPpEVXFNKPFVF
DRAVPe00227,LEAIPCSIPpCFLFNKPFVF
DRAVPe00226,LEAIPCSIPpCVFFNKPFVF
DRAVPe00225,LEAIPCSIPPCFLFGKPFVF
DRAVPe00224,LEAIPCSIPPCVFFGKPFVF
DRAVPe00223,LEAIPMSIPPEFLFGKPFVF
DRAVPe00222,LEAIPCSIPPCFAFNKPFVF
DRAVPe00221,LEAIPCSIPPCVFFNKPFVF
DRAVPe00220,LEAIPCSIPPCVLFNKPFVF
DRAVPe00219,LEAIPCSIPPCVGFGKPFVF
DRAVPe00218,LEAIPCSIPpCVAFNKPFVF
DRAVPe00217,LEAIPCSIPPCVAFNKPFVF
DRAVPe00216,LEAIPMCIPPECAFNKPFVF
DRAVPe00215,LEAIPMSIPPEVFFNKPFVF
DRAVPe00214,LEAIPMSIPPEVAFAKPFVF
DRAVPe00213,LEAIPMSIPPEVKFNKPFVF
DRAVPe00212,LEAIPMSIPPEVKFNKPFVF
DRAVPe00211,LEAIPMSIPPEVKFNKPFVF
DRAVPe00210,LEAIPMSIPPEVKFNKPFVA
DRAVPe00209,LEAIPMSIPPEVKFNKPFAF
DRAVPe00208,LEAIPMSIPPEVKFNKPAVF
DRAVPe00207,LEAIPMSIPPEVKFNKAFVF
DRAVPe00206,LEAIPMSIPPEVKFNAPFVF
DRAVPe00205,LEAIPMSIPPEVKFAKPFVF
DRAVPe00204,LEAIPMSIPPEVKANKPFVF
DRAVPe00203,LEAIPMSIPPEVAFNKPFVF
DRAVPe00202,LEAIPMSIPPEAKFNKPFVF
DRAVPe00201,LEAIPMSIPPAVKFNKPFVF
DRAVPe00200,LEAIPMSIPAEVKFNKPFVF
DRAVPe00199,LEAIPMSIAPEVKFNKPFVF
DRAVPe00198,LEAIPMSAPPEVKFNKPFVF
DRAVPe00197,LEAIPASIPPEVKFNKPFVF
DRAVPe00196,LEAIAMSIPPEVKFNKPFVF
DRAVPe00195,LEAAPMSIPPEVKFNKPFVF
DRAVPe00194,LAAIPMSIPPEVKFNKPFVF
DRAVPe00193,AEAIPMSIPPEVKFNKPFVF
DRAVPe00192,LEAIPMSIPPEVKFNKPFVF
DRAVPe00164,PNGPWVWVPAFCQAVGWGDP
DRAVPe00163,DCPNGPWVWVPAFCQAVGWG
DRAVPe00162,LCDCPNGPWVWVPAFCQAVG
DRAVPe00161,LCDCPNGPWVWVPAFCQAVG
DRAVPe00160,TLLCDCPNGPWVWVPAFCQA
DRAVPe00159,GPWVWVPAFCQAVGWGDPIT
DRAVPe00158,WDRGNVTLLCDCPNGPWVWV
DRAVPe00157,WDRGNVTLLCDCPNGPWVWV
DRAVPe00156,PTGERVWDRGNVTLLCDCPN
DRAVPe00081,LQQLLFIHFRIGRRRRRRRR
DRAVPe00074,EQVDKLVSAGIRKVLFLDGI
DRAVPe00071,ELVNQIIEQLIKKEKVYLAW
DRAVPe00070,IQAQPDQSESELVNQIIEQL
DRAVPe00069,VTDSQYALGIIQAQPDQSES
DRAVPe00068,LQDSGLEVNIVTDSQYALGI
DRAVPe00067,KTELQAIYLALQDSGLEVNI
DRAVPe00066,VVTLTDTTNQKTELQAIYLA
DRAVPe00065,GYVTNRGRQKVVTLTDTTNQ
DRAVPe00064,ETWETWWTEYWQATWIPEWE
DRAVPe00063,TPKFKLPIQKETWETWWTEY
DRAVPe00062,KQLTEAVQKITTESIVIWGK
DRAVPe00061,IAEIQKQGQGQWTYQIYQEP
DRAVPe00060,DIQKLVGKLNWASQIYPGIK
DRAVPe00059,PDIVIYQYMDDLYVGSDLEI
DRAVPe00058,KILEPFRKQNPDIVIYQYMD
DRAVPe00056,SPAIFQSSMTKILEPFRKQN
DRAVPe00055,DFRELNKRTQDFWEVQLGIP
DRAVPe02697,TDAVDCSQNPLAELKCSVKSF
DRAVPe02694,TSSMRGVYYPDEIFRSDTLYL
DRAVPe02688,NRRPQDVKFPGGGQIVGGVYL
DRAVPe02313,SGSWNFFDWFSGLMSWFGGPL
DRAVPe02302,CLGIGSCNDFAGCGYAIVCFW
DRAVPe02301,CLGVGSCNDFAGCGYAVVCFW
DRAVPe02288,CLGVGSCNDFAGCGYAIVCFW
DRAVPe02259,AGHATLREHLRDIKAENTDAN
DRAVPe02251,CLGVGSCNDFAGCGYAVVCFW
DRAVPe02250,CLGIGSCNDFAGCGYAIVCFW
DRAVPe02224,CLGIGSCNDFAGCGYAVVCFW
DRAVPe02221,WNFFDWFSGLMSWFGGPLKTI
DRAVPe02219,WNFFDWFSGLMSWFGGPLKLY
DRAVPe02200,HCTYQKGKQHCRLRIRQKVEE
DRAVPe02109,GSKKPVPIIYCNRRTGKCQRI 
DRAVPe02108,GSRRPVPIIYCNRRTGRCQRI 
DRAVPe02091,LNCYWPLNDYGFYTTTGIGYK
DRAVPe02089,FNCYFPLQSYGFQPTNGVGYK
DRAVPe02081,GLLASLGKVFGGYLAEKLKPK
DRAVPe02017,TLQEIVLHLEPQNELDPVDLL
DRAVPe01997,GELGRLVYLLDGPGYDPIHCD
DRAVPe01989,PLSPPLRNTHPQAMQWNSTTF
DRAVPe01972,AAKAWKKAKAWKKAKWWKKAA
DRAVPe01971,KYAKKAAKYAKKAAKYAKKAA
DRAVPe01970,KAAKKAAKWAKKAAKWAKKAA
DRAVPe01969,ARRARRRARRAARRARRWARR
DRAVPe01968,ARRARRRARRAARRARRGARR
DRAVPe01967,AKKAKKKAKKAAKKIKKKAKK
DRAVPe01966,AKKAAKKAKKAAKKIEKAAKK
DRAVPe01964,GFIFHIIKGLFHAGKMIHGLV
DRAVPe01909,FNESTRKKIEKIRPLLVEGT
DRAVPe01906,LPVGGNEKKAKLANVVRKMM
DRAVPe01905,MEVVQQTRMDKLTQGRQTYD
DRAVPe01903,TLLFLKVPAQNAISTTFPYT
DRAVPe01800,FINGRWDSQCHRFSNGAIACA
DRAVPe01601,MPKTRRRPRRSQRKRPPTPWP
DRAVPe01533,SKEKIGKEFKRIVQRIKDFLR
DRAVPe01489,LLDCWVRLGRYLLRRLKTPFT
DRAVPe01437,KQRQNKPPSKPNNDFHFEVFN
DRAVPe01399,LPRRLHLEPAFLPYSVKAHEC
DRAVPe01391,FKVKAKVKAKVKAKVKAKKKK
DRAVPe01342,CIRLQAEAFQARLKSWFEPLV
DRAVPe01213,QLQKWEDWVRWIGNIPQYLKG
DRAVPe01212,ARRAKRRARRAKRRARRKKRR
DRAVPe01211,ARRAKRRARRAARRARRKARR
DRAVPe01210,ARRAWRRARRAARRARRAARR
DRAVPe01209,AKKAWKKAKKAAKKAKKWAKK
DRAVPe01208,AKKAAKKAKKAAKKAKKWAKK
DRAVPe01207,AKKAAKKAKKAAKKAKKAAKK
DRAVPe01206,KAAKKAAKAAKKAAKWAKKAA
DRAVPe01205,KAKAKAKAKAKAKAKAKAKAK
DRAVPe01148,PTLLFLKVPAQNAISTTFPYT
DRAVPe01096,VLDLIYSLHKQINRGLKKIVL
DRAVPe00791,IEELLKKAEEQQKKNEEELKX
DRAVPe00689,IEELLKKAEEQQKKNEEELKK
DRAVPe00682,WEQKIEELLKKAEEQQKKNEK
DRAVPe00664,IEELLKKAEEQQKKNEEELKX
DRAVPe00662,LLEQAEEQQKKNEEELKKLEX
DRAVPe00653,WEQKIEELLKKAEEQQKKNEX
DRAVPe00609,MTWEEWDKKIEEYTKKIEELI
DRAVPe00590,WEEWDKKIEEYTKKIEELIKK
DRAVPe00572,LDLTYEMLSLQQVVKALNESY
DRAVPe00571,LDLTYEZLSLQXVVKXLNESF
DRAVPe00570,LDLTYEMLSLQXVVKXLNESF
DRAVPe00569,LDLTYEZLSLQXVVKXLNESY
DRAVPe00568,LDLTYEMLSLQXVVKXLNESY
DRAVPe00567,LDLTYEMLSLQQVVKXLNEXY
DRAVPe00566,LDLTYEMLSLQQVVXALNXSY
DRAVPe00565,LDLTYEMLSLQXVVKXLNESY
DRAVPe00564,LDLTYEMXSLQXVVKALNESY
DRAVPe00563,LDLTXEMLXLQQVVKALNESY
DRAVPe00562,LXLTYXMLSLQQVVKALNESY
DRAVPe00561,LDLTYEMLSLQQVVKXLNEXY
DRAVPe00560,LDLTYEMLSLQQVVXALNXSY
DRAVPe00559,LDLTYEMLSLQXVVKXLNESY
DRAVPe00558,LDLTYEMLSLXQVVXALNESY
DRAVPe00557,LDLTYEMLXLQQXVKALNESY
DRAVPe00556,LDLTYEMXSLQXVVKALNESY
DRAVPe00555,LDLTXEMLXLQQVVKALNESY
DRAVPe00554,LDLXYEMXSLQQVVKALNESY
DRAVPe00553,LXLTYXMLSLQQVVKALNESY
DRAVPe00552,XDLTXEMLSLQQVVKALNESY
DRAVPe00523,ILQQLLFIHFRIGRRRRRRRR
DRAVPe00370,GMASKAGAIAGKIAKVALKAL
DRAVPe00352,GLFGVLAKVAAHVVPAIAEHF
DRAVPe00340,GLLGLLGSVVSHVVPAIVGHF
DRAVPe00339,GIWDTIKSMGKVFAGKILQNL
DRAVPe00319,RQRVEELSKFSKKGAAARRRK
DRAVPe00314,TRSSRAGLQFPVGRVHRLLRK
DRAVPe02304,GMKCKFCCNCCNLNGCGVCCRF
DRAVPe02275,GLFVGVLAKVAAHVVPAIAEHF
DRAVPe02229,ELVDPVVAAGAVVTSSGIVFFS
DRAVPe02122,GIKCRFCCGCCTPGICGVCCRF
DRAVPe01984,IDENARSYIDKFQHDAEEMWYQ
DRAVPe01947,RRRQRRKKRGYGFVNLLFLVVE
DRAVPe01807,KRRGGGKLLKLLLKLLLKLLKC
DRAVPe01733,GNHILSLVQNAPYGLYFIHFSW
DRAVPe01730,GYHLMSFPQAAPHGVVFLHVTW
DRAVPe01720,AWDFGSIGGVFNSIGRAVHQVF
DRAVPe01599,TRQARRNRRRRWRERQRAAAAC
DRAVPe01492,LDCWVRLGRYLLRRLKTPFTRL
DRAVPe01426,LNITNSHVSILQERPPLENRVL
DRAVPe01418,GYHLMSFPQAAPHGVVFLHVTW
DRAVPe01393,LPRRLHLEPAFLPYSVKAHECC
DRAVPe01341,CVRLASHLRKLRKRLLRDADDL
DRAVPe01329,MANAGLQLLGFILAFLGWIGAI
DRAVPe00875,HVMLALATVLSIAGAGTGATAI
DRAVPe00874,YKPRRKRAAIHVMLALATVLSI
DRAVPe00873,PDYLLVPEEVMEYKPRRKRAAI
DRAVPe00868,CNCTNSSSSYSGTKMACPSNRG
DRAVPe00867,CTSDLPSSWGYMNCNCTNSSSS
DRAVPe00853,GSWFRAISSWKQRNRWEWRPDF
DRAVPe00852,FHCQRTQSQPGSWFRAISSWKQ
DRAVPe00840,PACQDFLGAMIHLKAKTNISIR
DRAVPe00608,MTWEEWDKKIEEYTKKIEELIK
DRAVPe00589,WEEWDKKIEEYTKKIEELIKKS
DRAVPe00524,RILQQLLFIHFRIGRRRRRRRR
DRAVPe00373,FIHHIFRGIVHAGRSIGRFLTG
DRAVPe00372,FFHHIFRGIVHVGKTIHKLVTG
DRAVPe00371,FFHHIFRGIVHVGKTIHRLVTG
DRAVPe02236,IHAEIKNSLKIDNLDVNRCIEAL
DRAVPe02213,QLESLTDRELLLLIARKTCGSVE
DRAVPe02075,GLWQKIKSAAGDLASGIVEGIKS
DRAVPe02030,CANLLLQYGSFCTQLNRALSGIA
DRAVPe02029,RNTREVFAQVKQMYKTPTLKYFG
DRAVPe02014,QLESLTDRELLLLIARKTCGSVE
DRAVPe02003,PFGDSYIVIGVGDSALTLHWFRK
DRAVPe01983,DKFNHEAEDLFYQSSLASWNYNT
DRAVPe01981,IEEQAKTFLDKFQHEVEEIYWQS
DRAVPe01980,IHAEIKNSLKIDNLDVNRCIEAL
DRAVPe01962,FIHHIIGGLFSVGKHIHSLIHGH
DRAVPe01729,ATAGWTFGAGAALQIPFAMQMAY
DRAVPe01724,GINASVVNIQKEIDRLNEVAKNL
DRAVPe01630,EEQAKTFLDKFNHEAEDLFYQSS
DRAVPe01603,RPRGRRGSRPSGAERRRRRAAAA
DRAVPe01531,LLGDLLRKSKEKIGKEFKRIVQR
DRAVPe01522,ALQELLGQWLKDGGPSSGRPPPS
DRAVPe01488,LLDCWVRLGRYLLRRLKTPFTRL
DRAVPe01429,CFLNITNSHVSILQEAPPLENAV
DRAVPe01428,CFLNITNSHVSILQEAPPLENRV
DRAVPe01427,CFLNITNSHVSILQERPPLENRV
DRAVPe01417,ATAGWTFGAGAALQIPFAMQMAY
DRAVPe01392,AVKRVGRRLKKLARKIARLGVAF
DRAVPe01390,FAIAIKAIKKAIKKIKKAIKKAI
DRAVPe01389,FALALKALKKALKKLKKALKKAL
DRAVPe01386,FLFAFRIFKRVFKKFRKLFKRAF
DRAVPe01384,FAKKFAKKFKKFAKKFAKFAFAF
DRAVPe01147,VNPTLLFLKVPAQNAISTTFPYT
DRAVPe00854,KQRNRWEWRPDFKSKKVKISLPC
DRAVPe00839,GIGKFLHSAKKFGKAFVGEIMNS
DRAVPe00838,GIGKFLHSAGKFGKAFVGEIMKS
DRAVPe00681,WEQKIEELLKKAEEQQKKNEEEK
DRAVPe00661,EELLKKAEEQQKKNEEELKKLEX
DRAVPe00652,WEQKIEELLKKAEEQQKKNEEEX
DRAVPe00607,MTWEEWDKKIEEYTKKIEELIKK
DRAVPe00588,WEEWDKKIEEYTKKIEELIKKSE
DRAVPe00551,RQLLSGIVQQQNNLLRAIEAQQH
DRAVPe00525,IRILQQLLFIHFRIGRRRRRRRR
DRAVPe00469,AIGSILGALAKGLPTLISWIKNR
DRAVPe00448,IDRLNEVAKNLNESLIDLQELGK
DRAVPe00347,RPKHPIKHQGLPQEVLNENLLRF
DRAVPe00313,VFQFLGRIIHHVGNFVHGFSHVF
DRAVPe02299,NPAGCRFCCGCCPNMIGCGVCCRF
DRAVPe02225,FLPVLAGIAAKVVPALFCKITKKC
DRAVPe02121,DSHAKRHHGYKRKFHEKHHSHRGY
DRAVPe02072,FLPVLAGIAAKVVPALFCKITKKC
DRAVPe02071,SDSVVSDIICTTFCSVTWCQSNCC
DRAVPe01882,KQNAANILRLKESIAATNEAVHEV
DRAVPe01881,SISNALNKLEESNRNLDKVNVKLT
DRAVPe01717,SIGGVFNSIGRAVHQVFGGAFRTL
DRAVPe01604,RSQKEGLHYTCSSHFPYSQYQFWK
DRAVPe01461,KPPSKPNNDFHAEVFNFVPBSIBG
DRAVPe01460,KPPSKPNNDFHFAVFNFVPBSIBG
DRAVPe01459,KPPSKPNNDFHFEAFNFVPBSIBG
DRAVPe01458,KPPSKPNNDFHFEVANFVPBSIBG
DRAVPe01457,KPPSKPNNDFHFEVFAFVPBSIBG
DRAVPe01456,KPPSKPNNDFHFEVFNAVPBSIBG
DRAVPe01455,KPPSKPNNDFHFEVFNFAPBSIBG
DRAVPe01454,KPPSKPNNDFHFEVFNFVABSIBG
DRAVPe01453,KPPSKPNNDFHFEVFNFVPASIBG
DRAVPe01452,KPPSKPNNDFHFEVFNFVPBAIBG
DRAVPe01451,KPPSKPNNDFHFEVFNFVPBSABG
DRAVPe01450,KPPSKPNNDFHFEVFNFVPBSIAG
DRAVPe01444,KPPSKPNNDFHFEVFNFVPBSIBG
DRAVPe01348,CLRVRLASHLRKLRKRLLRDADDL
DRAVPe01330,MANAGLQLLGFILAFLGWIGAIVS
DRAVPe00790,IEELLKKAEEQQKKNEEELKKLEX
DRAVPe00781,EMTWEEWEKKVEELEKKIEELLXX
DRAVPe00780,EMTWEEWEKKIEEYTKKIEEILXX
DRAVPe00688,IEELLKKAEEQQKKNEEELKKLEK
DRAVPe00660,IEELLKKAEEQQKKNEEELKKLEX
DRAVPe00656,IEELIKKSEEQQKKNEEELKKLEX
DRAVPe00606,MTWEEWDKKIEEYTKKIEELIKKS
DRAVPe00587,WEEWDKKIEEYTKKIEELIKKSEE
DRAVPe00526,IIRILQQLLFIHFRIGRRRRRRRR
DRAVPe00397,TLLKKVLKAAAKAALNAVLVGANA
DRAVPe00335,GLRSRIWLWVLLMIWQESNRFKRM
DRAVPe00334,GLRSKIWLWVLLMIWQESNKFKKM
DRAVPe00318,GLNTLKKVFQGLHEAIKLINNHVQ
DRAVPe00316,LLKELWTKIKGAGKAVLGKIKGLL
DRAVPe02687,CNIAPASIVSRNIVYTRAQPNQDIA
DRAVPe02683,CQRCGWETGVGVSGFLVRILRFVVL
DRAVPe02674,NQGRHFSGGALIHARFVMTAASCFQ
DRAVPe02669,CGRCLQRACCKYCRLKCRLILFVIF
DRAVPe02664,CRCCELKSLCPTLMRVVRLLGLVLL
DRAVPe02273,SMWSGMWRRKLKKLRNALKKKLKGE
DRAVPe02074,GLLSSLSSVAKHVLPHVVPVIAEHL
DRAVPe02073,GLLSVLGSVAQHVLPHVVPVIAEHL
DRAVPe02002,TGKFKVVKEIAETQHGTIVIRVQYE
DRAVPe01990,PTSNHSPTSCPPTCPGYRWMCLRRF
DRAVPe01963,FIHHIIGGLFSAGKAIHRLIRRRRR
DRAVPe01945,SWLVNRDWFHDLNLPWTGSSAGTWQ
DRAVPe01467,CDVIALLCHLNTPSFNTTHYRESWY
DRAVPe01449,KQRQNKPPSKPNNDFHFEVFNFVPB
DRAVPe01433,CSICSNNPTCWAICKRIPNKKPGKK
DRAVPe01380,FRFKIKFRLKFRFKARFKFRAKFRA
DRAVPe01345,EELRVRLASHLRKLRKRLLRDADDL
DRAVPe01146,MDVNPTLLFLKVPAQNAISTTFPYT
DRAVPe00789,WEQKIEELLKKAEEQQKKNEEELKX
DRAVPe00687,KIEELLKKAEEQQKKNEEELKKLEK
DRAVPe00680,WEQKIEELLKKAEEQQKKNEEELKK
DRAVPe00679,YTSLIEELIKKSEEQQKKNEEELKK
DRAVPe00659,KIEELLKKAEEQQKKNEEELKKLEX
DRAVPe00649,YTSLIEELIKKSEEQQKKNEEELKX
DRAVPe00605,MTWEEWDKKIEEYTKKIEELIKKSE
DRAVPe00586,WEEWDKKIEEYTKKIEELIKKSEEQ
DRAVPe00550,RQLLSGIVQQQNNLLRAIEAQQHLL
DRAVPe00527,AIIRILQQLLFIHFRIGRRRRRRRR
DRAVPe00467,TFLVHREWFMDLNLPWSSAGSTVWR
DRAVPe00451,SVVNIQKEIDRLNEVAKNLNESLIK
DRAVPe00365,GLFGILGSVAKHVLPHVIPVVAEHL
DRAVPe00364,GLFGVLGSIAKHLLPHVVPVIAEKL
DRAVPe00363,GLLKVLGSVAKKVLPKVVPVIAEKL
DRAVPe00362,GLLSVLGSVAKHVLPHVVPVIAKLH
DRAVPe00361,GLLSVLGSVAKHVLPHVVPVIAAAL
DRAVPe00360,GLLSVLGSVVKHVIPHVVPVIAEHL
DRAVPe00359,GLLGVLGSVAKHVLPHVVPVIAEHL
DRAVPe00358,GLLSVLGSVAKHVLPHVVPVIAEKL
DRAVPe00357,GLFKVLGSVAKHLLPHVAPIIAEKL
DRAVPe00356,GLFKVLGSVAKHLLPHVAPVIAEKL
DRAVPe00355,GLFSVLGAVAKHVLPHVVPVIAEKL
DRAVPe00354,GLFGVLGSIAKHVLPHVVPVIAEKL
DRAVPe00353,GLLSVLGSVAKHVLPHVVPVIAEHL
DRAVPe00342,GAWKNFWSSLRKGFYDGEAGRAIRR
DRAVPe00321,IWLTALKFLGKHAAKHLAKQQLSKL
DRAVPe00320,NLVSGLIEARKYLEQLHRKLKNRKV
DRAVPe00317,HVDKKVADKVLLLKQLRIMRLLTRL
DRAVPe02681,CDVIALLACHLNTPSFNTTHYRESWY
DRAVPe02680,TKRNTNRRPQDVKFPGGGQIVGGVYL
DRAVPe02666,KNEWGCRCNDSSDGNEWGCRCNDSSD
DRAVPe02317,DWTKNIKDKIDKIIHDFVDKTLPDQGC
DRAVPe02316,DWTKNIKDKIDKIIHDFVDKTLPDQG
DRAVPe02303,QSHISLCRWCCNCCKANKGCGFCCKF
DRAVPe02144,HTASDAAAAAALTAANAAAAAAASMA
DRAVPe02094,GIGAVLKYLTTGLPALISWIKRKROQ
DRAVPe01884,FKCRRWQWRMKKLGAPSITCVRRAFA
DRAVPe01523,ALQELLGEYIQWLKDGGPSSGRPPPS
DRAVPe01381,FAVGLRAIKRALKKLRRGVRKVAKDL
DRAVPe00837,GIGAVLKVLTTGLPALISWIKRKRQQ
DRAVPe00686,QKIEELLKKAEEQQKKNEEELKKLEK
DRAVPe00684,SLIEELIKKSEEQQKKNEEELKKLEK
DRAVPe00658,QKIEELLKKAEEQQKKNEEELKKLEX
DRAVPe00655,SLIEELIKKSEEQQKKNEEELKKLEX
DRAVPe00651,WEQKIEELLKKAEEQQKKNEEELKXX
DRAVPe00650,WEQKIEELLKKAEEQQKKNEEELKKX
DRAVPe00648,YTSLIHSLIEESQNQQEKNEQELLEX
DRAVPe00604,MTWEEWDKKIEEYTKKIEELIKKSEE
DRAVPe00585,WEEWDKKIEEYTKKIEELIKKSEEQQ
DRAVPe00534,EEIIRKLQQLLFIEFRIKRRRRRRRR
DRAVPe00533,EAIIRILQQLEFIHKRIGRRRRRRRR
DRAVPe00532,EAEIRIKQQLLFIHFRIGRRRRRRRR
DRAVPe00531,EAIERILKQLLFIHFRIGRRRRRRRR
DRAVPe00530,EAIIRILQELLFKHFRIGRRRRRRRR
DRAVPe00529,EEIIRKLQQLLFIHFRIGRRRRRRRR
DRAVPe00528,EAIIRILQQLLFIEFRIKRRRRRRRR
DRAVPe00522,EAIIRILQQLLFIHFRIGRRRRRRRR
DRAVPe00505,WEEWDKKIEEYTKKIEELIKKSQNQQ
DRAVPe00082,EAIIRILQQLLFIHFRIGRRRRRRRR
DRAVPe02158,GGRGGGGSGGSGGSGGRGGGGSGGSGG
DRAVPe02087,ESGRIKKEEFAEIMKICSTIEELGRQK
DRAVPe02067,GRFKRFRKKFKKLFKKLSPVIPLLHLG
DRAVPe02020,IPLRGAFINGRWDSQCHRFSNGAIACA
DRAVPe01902,MDVNPTLLFLKVPAQNAISTTFPYT
DRAVPe01775,SALEEQYKTFLDKFMHELEDLLYQLAL
DRAVPe01774,SALEEQYKTFLDKFMHELEDLLYQLSL
DRAVPe01773,SALEEQLKTFLDKFMHELEDLLYQLAL
DRAVPe01432,VPCSICSNNPTCWAICKRIPNKKPGKK
DRAVPe01388,KRKRFAKKFLRFLRKVIRFLKRFIRRF
DRAVPe01385,KKKKFVKKVAKKVKKVAKKVAKVAVAV
DRAVPe01379,FLAAARIAKRVAKKARKLAKRAARKRK
DRAVPe01270,IQKEIDRLNEVAKNLNESLIDLQELGK
DRAVPe00685,EQKIEELLKKAEEQQKKNEEELKKLEK
DRAVPe00657,EQKIEELLKKAEEQQKKNEEELKKLEX
DRAVPe00603,MTWEEWDKKIEEYTKKIEELIKKSEEQ
DRAVPe00584,WEEWDKKIEEYTKKIEELIKKSEEQQK
DRAVPe00549,RQLLSGIVQQQNNLLRAIEAQQHLLQK
DRAVPe00548,RQLLSGIVQQQNNLLRAIEAQQHLLQK
DRAVPe00547,RQLLSGIVQQQNNLLRAIEAQQHLLQK
DRAVPe00447,IQKEIDRLNEVAKNLNESLIDLQELGK
DRAVPe00351,SIGAKILGGVKTFFKGALKELASTYLQ
DRAVPe00350,GIGGVLLSAGKAALKGLAKVLAEKYAN
DRAVPe00349,GIGGKILSGLKTALKGAAKELASTYLH
DRAVPe00348,GIGTKILGGVKTALKGALKELASTYAN
DRAVPe02684,PPSHSFRPESLERLHLLRRVLLLMRIVH
DRAVPe02665,PPARSSPPMPPNLPPLRRRIILLRFLFH
DRAVPe02290,LTTKLWSSWGYYLGKKARWNLKHPYVQF
DRAVPe02284,WYQLIRTFGNLIHQKYRKLLEAYRKLRD
DRAVPe02257,TSDVAAATNADLRTALARADHQKTLFWL
DRAVPe02247,LSTAADMQGVVTDGMASGLDKDYLKPDD
DRAVPe02196,ELQREESPTGPPGSIRTWFQRIPLGWFH
DRAVPe01956,ALWMTLLKKVLKAAAKAALNAVLVGANA
DRAVPe01823,FLGAILKIGHALAKTVLPMVTNAFKPKQ
DRAVPe01735,YENQKQIANQFNKAISQIQESLTTTSTA
DRAVPe01732,AACEVAKNLNESLIDLQELGKYEQYIKW
DRAVPe01716,STLGKAFSTTLKGAQRLAALGDTAWDFG
DRAVPe01555,ALWMTLLKKVLKAAAKAALNAVLVGANA
DRAVPe01550,GGLRSLGRKILRAWKKYGPIIVPIIRIG
DRAVPe01484,RWMVWRHWFHRLRLPYNPGKNKQNQQWP
DRAVPe01420,AACEVAKNLNESLIDLQELGKYEQYIKW
DRAVPe01387,KRKRAVKRVGRRLKKKLARKIARLGVAF
DRAVPe01346,VRLASHLRKLRKRLLRDADDLQKRLAVY
DRAVPe01316,SIELNKAKSDLEESKEWIRRSNQKLDSI
DRAVPe01315,VALDPIDISIELNKAKSDLEESKEWIRR
DRAVPe01290,YENQKQIANQFNKAISQIQESLTTTSTA
DRAVPe00786,WEQKIEELLKKAEEQQKKNEEELKKLEX
DRAVPe00785,WEQKIEELLKKAEEQQKKNEEELKKLEX
DRAVPe00784,LEANIEELLKKAEEQQKKNEEELKKLEX
DRAVPe00783,YTSLIEELIKKSEEQQKKNEEELKKLEX
DRAVPe00782,YTSLIHSLIEESQNQQEKNEQELLELDX
DRAVPe00678,WEQKIEELLKKAEEQQKKNEEELKKLEK
DRAVPe00677,LEANIEELLKKAEEQQKKNEEELKKLEK
DRAVPe00676,YTSLIEELIKKSEEQQKKNEEELKKLEK
DRAVPe00675,YTSLIHSLIEESQNQQEKNEQELLELDK
DRAVPe00602,MTWEEWDKKIEEYTKKIEELIKKSEEQQ
DRAVPe00583,WEEWDKKIEEYTKKIEELIKKSEEQQKK
DRAVPe00509,WEEWDKKIEEYTKKIEELIKKSQNQQSY
DRAVPe00508,WEEWDKKIEEYTKKIEELIKKSQNQQSW
DRAVPe00507,WEEWDKKIEEYTKKIEELIKKSQNQQSM
DRAVPe00506,MTWEEWDKKIEEYTKKIEELIKKSQNQQ
DRAVPe00463,AWLVHTQWFLDLPLPWLPGADTQGSNWI
DRAVPe00400,ALWDTLLKKVLKAAAKAALDAVLVGANA
DRAVPe00399,ALWKTLLKKVLKAAAKAALKAVLVGANA
DRAVPe00398,ALWKTLLKKVLKAAAKAALNAVLVGANA
DRAVPe00374,GLMDTVKNVAKNLAGHMLDKLKCKITGC
DRAVPe00285,GTACGESCYVLPCFTVGCTCTSSQCFKN
DRAVPe02648,PPWCCCSPMKRASPPPAQSDLPATPKCPP
DRAVPe02260,TAAGDARANAVAKAGLHDLNIETDTERNH
DRAVPe02252,AGDNATVAAGHATLREHLRDIKAENTDAN
DRAVPe02175,FGGASCCLYCRCHIDHPNPKGFCDLKGKY
DRAVPe02088,CYCRIPACIAGERRYGTCIYQGRLWAFCC
DRAVPe01772,SALEEQYKTFLDKFLHELEDLLYQLALAL
DRAVPe01770,LQTALYALMEEIHIAALEKTWTALRHQYT
DRAVPe01758,AWDFGSLGGVFTSIGKALHQVFGAIYGAA
DRAVPe01757,AWDFGSLGGVFTSIGKALHQVFGGAFGAA
DRAVPe01721,AWDFGSVGGVFNSLGKGIHQIFGAAFKSL
DRAVPe01719,AWDFGSIGGVFNSIGRAVHQVFGGAFRTL
DRAVPe01636,RRRRRRRXPLSPPLRNTHPQAMQWNSTTF
DRAVPe01520,YKFACPECPKRFMRSDHLTLHILLHENKK
DRAVPe01462,KQRQNKPPSKPNNDFHFEVANAVPBSIBG
DRAVPe01443,KQRQNKPPSKPNNDFHFEVFNFVPBSIBG
DRAVPe01347,CVRLASHLRKLRKRLLRDADDLQKRLAVY
DRAVPe01289,AWDFGSVGGLFTSLGKAVHQVFGSVYTTM
DRAVPe01288,AWDFGSVGGVLNSLGKMVHQIFGSAYTAL
DRAVPe01287,AWDFGSLGGVFTSIGKALHQVFGAIYGAA
DRAVPe01286,AWDFGSIGGVFTSVGKLVHQVFGTAYGVL
DRAVPe00825,ALWTTMLKKLGKMALHAGKAALGAAADTI
DRAVPe00824,ALWKTMLKKLGTMALHAGKAALGAAADTI
DRAVPe00788,LEANIEELLKKAEEQQKKNEEELKKLEKX
DRAVPe00787,WEQKIEELLKKAEEQQKKNEEELKKLEKX
DRAVPe00672,WEQKITALLEQAQIQQEKNEYELQKLDKX
DRAVPe00612,WEEWDKKIEEYTKKIEELIKKSQNQQEKN
DRAVPe00601,MTWEEWDKKIEEYTKKIEELIKKSEEQQK
DRAVPe00582,WEEWDKKIEEYTKKIEELIKKSEEQQKKN
DRAVPe00514,WEEWDKKIEEYTKKIEELIKKSQNQQIDL
DRAVPe00513,WEEWDKKIEEYTKKIEELIKKSQNQQLDI
DRAVPe00512,WEEWDKKIEEYTKKIEELIKKSQNQQIDI
DRAVPe00511,WEEWDKKIEEYTKKIEELIKKSQNQQLDL
DRAVPe00300,CYCRIPACIAGERRYGTCIYQGRLWAFCC
DRAVPe00298,GLPICGETCVGGTCNTPGCSCSWPVCTRN
DRAVPe00296,GLPVCGETCVGGTCNTPGCTCSWPVCTRN
DRAVPe00283,AIPCGESCVWIPCISAAIGCSCKNKVCYR
DRAVPe00091,RMIYKNILFYLVPGPGHGAEPERRNIKYL
DRAVPe02685,FNVALDQVFESIENSQALVDQSNRILSSAE
DRAVPe02682,WCNWHNIDPWIQLMNRTQADLAEGPPVKEC
DRAVPe02319,IGIEDLSKNIKDKIDKIIHDFVDKTLPDQG
DRAVPe02318,IEPHDWTKNIKDKIDKIIHDFVDKTLPDQG
DRAVPe02314,IEPHDWTKNITDKIDQIIHDFVDKTLPDQG
DRAVPe02226,ALWKNMLKGIGKLAGKAALGAVKKLVGAES
DRAVPe02191,CVPRFGRCDGIINOCCDPYLCTPPLVGICT
DRAVPe02190,CRPYGYRCDGVINQCCDPYHCTPPLIGICL
DRAVPe02119,KFFKRLLKSVRRAVKKFRKKPRLIGLSTLL
DRAVPe02093,GAICHPVFCPRRYKQIGTCGLPGTKCCKKP
DRAVPe02085,ACYCRIPACIAGERRYGTCIYQGRLWAFCC
DRAVPe02083,GFWFKGKWRFKKYRGGRYKKFRWKGKFWFG
DRAVPe02028,PSSKRFQPFQQFGRDVSDFTDSVRDPKTSE
DRAVPe02018,EGVKSKLNIVCNEIGLLKSLCRKFVNSHIW
DRAVPe01763,NGAICWGPCPTAFRQIGNCGRFRVRCCRIR
DRAVPe01762,NGAICWGPCPTAFRQIGNCGRFRVRCCRIR
DRAVPe01761,NGAICWGPCPTAFRQIGNCGHFKVRCCKIR
DRAVPe01723,GINASVVNIQKEIDRLNEVAKNLNESLIDL
DRAVPe01425,CCFLNITNSHVSILQERPPLENRVLTGWGL
DRAVPe01344,LRVRLASHLRKLRKRLLRDADDLQKRLAVY
DRAVPe01340,CEEQAQQIRLQAEAFQARLKSWFEPLVEDM
DRAVPe00600,MTWEEWDKKIEEYTKKIEELIKKSEEQQKK
DRAVPe00581,WEEWDKKIEEYTKKIEELIKKSEEQQKKNE
DRAVPe00517,TTLLDLTYEMLSLQQVVKALNESYIDLKEL
DRAVPe00510,WEEWDKKIEEYTKKIEELIKKSQNQQSDLD
DRAVPe00301,DCYCRIPACIAGERRYGTCIYQGRLWAFCC
DRAVPe00299,ACYCRIPACIAGERRYGTCIYQGRLWAFCC
DRAVPe00294,GIPCAESCVWIPCTVTALVGCSCSDKVCYN
DRAVPe00293,GVPCGESCVFIPCITGVIGCSCSSNVCYLN
DRAVPe00290,GLPTCGETCFGGTCNTPGCTCDPWPVCTHN
DRAVPe00288,GIPCGESCVWIPCISAAIGCSCKSKVCYRN
DRAVPe00287,GFPCGESCVFIPCISAAIGCSCKNKVCYRN
DRAVPe00286,GIPCGESCVFIPCLTTVAGCSCKNKVCYRN
DRAVPe00282,KIPCGESCVWIPCLTSVFNCKCENKVCYHD
DRAVPe00281,KIPCGESCVWIPCVTSIFNCKCENKVCYHD
DRAVPe00280,GIPCGESCVFIPCITSVAGCSCKSKVCYRN
DRAVPe00278,GIPCGESCVWIPCISAALGCSCKNKVCYRN
DRAVPe02227,RRCICTTRTCRFPYRRLGTCLFQNRVYTFCC
DRAVPe02202,WFQRIPLGWFHCTYQKGKQHCRLRIRQKVEE
DRAVPe02080,CGESCVFIPCITTVLGCSCSIKVCYKNGSIP
DRAVPe01960,CGESCAXISFCFTEVIGCSCKNKVCYLNSIS
DRAVPe01632,EEQAKTFLDKFNHEAEDLFYQSSGLGKGDFR
DRAVPe00823,KIKKIENEIARIKKLLQLTVWGIKQLQARIL
DRAVPe00822,KQKKIENEIARIKKLLQLTVWGIKQLQARIL
DRAVPe00693,VEELEKKIEELLKKAEEQQKKNEEELKKLEK
DRAVPe00692,VRYLEANIEELLKKAEEQQKKNEEELKKLEK
DRAVPe00691,IEEYTKKIEEILKKSEEQQKKNEEELKKLEK
DRAVPe00690,INNYTSLIEELIKKSEEQQKKNEEELKKLEK
DRAVPe00668,VEELEKKIEELLKKAEEQQKKNEEELKKLEX
DRAVPe00667,VRYLEANIEELLKKAEEQQKKNEEELKKLEX
DRAVPe00666,IEEYTKKIEEILKKSEEQQKKNEEELKKLEX
DRAVPe00665,INNYTSLIEELIKKSEEQQKKNEEELKKLEX
DRAVPe00611,MTWEEWDKKIEEYTKKIEELIKKSQNQQEKN
DRAVPe00599,MTWEEWDKKIEEYTKKIEELIKKSEEQQKKN
DRAVPe00580,WEEWDKKIEEYTKKIEELIKKSEEQQKKNEK
DRAVPe00516,EEQKTQLKNKIEIDWTKMELEQDWSKIYKEI
DRAVPe00515,MTWEEWDKKIEEYTKKIEELIKKSQNQQIDL
DRAVPe00450,ISGINASVVNIQKEIDRLNEVAKNLNESLIK
DRAVPe00446,SVVNIQKEIDRLNEVAKNLNESLIDLQELGK
DRAVPe00297,GSVLNCGETCLLGTCYTTGCTCNKYRVCTKD
DRAVPe00295,SISCGESCAMISFCFTEVIGCSCKNKVCYLN
DRAVPe00289,GSIPACGESCFKGKCYTPGCSCSKYPLCAKN
DRAVPe00284,GVIPCGESCVFIPCISAAIGCSCKNKVCYRN
DRAVPe00279,GVIPCGESCVFIPCISTLLGCSCKNKVCYRN
DRAVPe02309,IEPHDWTKNITDKIDQIIHDFVDKGSGKKKKC
DRAVPe02308,KKKKGSGIEPHDWTKNITDKIDQIIHDFVDK
DRAVPe02291,KKKKGSGIEPHDWTKNITDKIDQIIHDFVDK
DRAVPe02035,VNKKIEEIDKKIEELNKKLEELEKKLEEVNKK
DRAVPe01771,RFDGKGLGIYQYMEEIEHAASRFAYFFYQHLA
DRAVPe01602,MPKTRRRPRRSQRKRPPTPWPYGRKKRRQRRR
DRAVPe01526,VTCYCRRTRCGFRERLSGACGYRGRIYRLCCR
DRAVPe01436,KPNNDFHFEVFNFVPCSICSNNPTCWAICKRI
DRAVPe01383,GAKKGAKKGKKGAKKGAKGAGAKGAGAFKKKK
DRAVPe01338,EELRVRLASHLRKLRKRLLRDADDLQKRLAVY
DRAVPe01307,ATCYCRTGRCATRESRSGVCEISGRLYRLCCR
DRAVPe01306,ATCYCRRGRCATRESLSGVCEISGRLYRLCCR
DRAVPe01305,ATCYCRTGRCATRESLSGVCEIRGRLYRLCCR
DRAVPe01304,ATCYCRTGRCATRESLSGVCRISGRLYRLCCR
DRAVPe01303,ATCYCRTGRCATRESLSGVCEISGRLYRLCCR
DRAVPe00834,EMTWEEWEKKIEEYIKKIEEILKKSQNQQIDL
DRAVPe00833,EMTWEEWEKKIEEYTKKIEEILKKSQNQQIDL
DRAVPe00671,WQEWEQKITALLEQAQIQQEKNEYELQKLDKX
DRAVPe00598,MTWEEWDKKIEEYTKKIEELIKKSEEQQKKNE
DRAVPe00579,WEEWDKKIEEYTKKIEELIKKSEEQQKKNEKE
DRAVPe00303,AFTCHCRRSCYSTEYSYGTCTVMGINHRFCCL
DRAVPe02671,GCASRCKAKCAGRRCKGWASAFRGRCYCKCFRC
DRAVPe02296,VVCACRRALCLPRERRAGFCRIRGRIHPLCCRR
DRAVPe02283,VVCACRRALCLPLERRAGFCRIRGRIHPLCCRR
DRAVPe02280,VVCACRRALCLPRERRAGFCRIRGRIHPLCCRR
DRAVPe02197,ELQREESPTGPPGSIRTWFQRIPLGWFHCTYQK
DRAVPe02110,MAVLGDTAWDFGSVGGALNSLGKGIHQIFGAAF
DRAVPe02022,GLLRKGGEKIGEKLKKIGQKIKNFFQKLVPQPE
DRAVPe01996,GELDELVYLLDGPGYDPIHCDVVTRGGSRLFNF
DRAVPe01995,GELGRLVYLLDGPGYDPIHCDVVTRGGSHLFNF
DRAVPe01993,GELGRPVYVLGDPGYYATHCIYATTNDALIFSV
DRAVPe01991,GELGRLVYLLDGPGYDPIHCSLAYGDASTLVVF
DRAVPe01965,GFFALIPKIISSPLFKTLLSAVGSALSSSGGQE
DRAVPe01756,ALNCYWPLNDYGFYTTTGIGYQPYRVVVLSFEL
DRAVPe01633,RRRRRRRXPTSNHSPTSCPPTCPGYRWMCLRRF
DRAVPe01600,TRQARRNRRRRWRERQRAAAACYGRKKRRQRRR
DRAVPe01521,YKFACPECPKRFMRSDHLSKHITLHELLGEERR
DRAVPe01339,CEEIRARLSTHLRKMRKRLMRDADDLQKRLAVY
DRAVPe01337,CEELRVRLASHLRKLRKRLLRDADDLQKRLAVY
DRAVPe00727,TLGEWYNQTKDLQQKFYEIIMDIEQNNVQGKKG
DRAVPe00725,NITLGEWYNQTKDLQQKFYEIIMDIEQNNVQGK
DRAVPe00724,GNITLGEWYNQTKDLQQKFYEIIMDIEQNNVQG
DRAVPe00597,MTWEEWDKKIEEYTKKIEELIKKSEEQQKKNEK
DRAVPe00578,WEEWDKKIEEYTKKIEELIKKSEEQQKKNEKEL
DRAVPe00518,EANTTLLDLTYEMLSLQQVVKALNESYIDLKEL
DRAVPe00465,MAILGDTAWDFGSLGGVFTSIGKALHQVFGAIY
DRAVPe00455,GFSSLFKAGAKYLLKQVGKAGAQQLACKAANNC
DRAVPe00449,IQKEIDRLNEVAKNLNESLIDLQELGKYEQYIK
DRAVPe00302,VCSCRLVFCRRTELRVGNCLIGGVSFTYCCTRV
DRAVPe00291,GGTIFDCGETCFLGTCYTPGCSCGNYGFCYGTN
DRAVPe00111,LSELDDRADALQAGASQFETSAAKLKRKYWWKN
DRAVPe00090,QLLIRMIYKNILFYLVPGPGHGAEPERRNIKYL
DRAVPe02287,SCASRCKGHCRARRCGYYVSVLYRGRCYCKCLRC
DRAVPe02282,GICACRRRFCPNSERFSGYCRVNGARYVRCCSRR
DRAVPe02279,GLLRKGGEKIGEKLKKIGQKIKNFFQKLVPQPEQ
DRAVPe02151,SGINASVVNIQKEIDRLNEVAKNLNESLIDLQEL
DRAVPe02111,ALWFTMLKKLGTMALHAGKAALGAAANTISQGTQ
DRAVPe02034,NASDMEIKKVNKKIEEYIKKIEEVEKKLEEVNKK
DRAVPe01938,NADIIKSLIRKTIINASKNTASLSILQHLYVLRS
DRAVPe01554,ALWKTMLKKLGTMALHAGKAALGAAADTISQGTQ
DRAVPe00836,GGLKKLGKKLEGAGKRVFNAAEKALPVVAGAKAL
DRAVPe00596,MTWEEWDKKIEEYTKKIEELIKKSEEQQKKNEKE
DRAVPe00577,WEEWDKKIEEYTKKIEELIKKSEEQQKKNEKELK
DRAVPe00519,WMEWDREINNYTSLIHSLIEESQNQQEKNEQELL
DRAVPe00459,QEGISRFKICPYHWYKQHMSLLFRRYYHKLDSII
DRAVPe00445,INASVVNIQKEIDRLNEVAKNLNESLIDLQELGK
DRAVPe00253,WMEWDREINNYTSLIHSLIEEPQNQQEKNEQELL
DRAVPe00252,WMEWDREINNYTSLIHSLIEEWQNQQEKNEQELL
DRAVPe00251,WMEWDREINNYTSLIHSLIEETQNQQEKNEQELL
DRAVPe00250,WMEWDREINNYTSLIHSLIEELQNQQEKNEQELL
DRAVPe00249,WMEWDREINNYTSLIHSLIEEAQNQQEKNEQELL
DRAVPe02149,LDLSDEMAMIEVVKQLNDSYIDLKELSNYTYYNKW
DRAVPe02134,GENFAISKINTTLLDISDEMAMIQEVVKQLNDSYI
DRAVPe01943,FNVALDQVFESIENSQALVDQSNRILSSAEKGNTG
DRAVPe01942,LESEVTAIKNALKKTNEAVSTLGNGVRVLATAVRE
DRAVPe01939,LGNVNNSISNALDKLEESNSKLDKVNVKLTGTSAL
DRAVPe01890,NKGCATCSIGAACLVDGPIPDFEIAGAtGLfGLWG
DRAVPe01777,ISGINASVVNIQKEIDRLNEVAKNLNESLIDLQEL
DRAVPe01754,LTQINTTLLDLTYEMLSLQQVVKALNESYIDLKEL
DRAVPe01718,AALGDTAWDFGSIGGVFNSIGRAVHQVFGGAFRTL
DRAVPe01431,FHFEVFNFVPCSICSNNPTCWAICKRIPNKKPGKK
DRAVPe00952,LERLDVGTNLGNAIAKLEDAKELLESSDQILRSMK
DRAVPe00951,SLERLDVGTNLGNAIAKLEDAKELLESSDQILRSM
DRAVPe00950,ISLERLDVGTNLGNAIAKLEDAKELLESSDQILRS
DRAVPe00949,PISLERLDVGTNLGNAIAKLEDAKELLESSDQILR
DRAVPe00948,PPISLERLDVGTNLGNAIAKLEDAKELLESSDQIL
DRAVPe00947,GPPISLERLDVGTNLGNAIAKLEDAKELLESSDQI
DRAVPe00946,LGPPISLERLDVGTNLGNAIAKLEDAKELLESSDQ
DRAVPe00945,DLGPPISLERLDVGTNLGNAIAKLEDAKELLESSD
DRAVPe00944,IDLGPPISLERLDVGTNLGNAIAKLEDAKELLESS
DRAVPe00943,RIDLGPPISLERLDVGTNLGNAIAKLEDAKELLES
DRAVPe00942,HRIDLGPPISLERLDVGTNLGNAIAKLEDAKELLE
DRAVPe00941,LHRIDLGPPISLERLDVGTNLGNAIAKLEDAKELL
DRAVPe00940,YLHRIDLGPPISLERLDVGTNLGNAIAKLEDAKEL
DRAVPe00939,VYLHRIDLGPPISLERLDVGTNLQNAIAKLEDAKE
DRAVPe00938,AVYLHRIDLGPPISLERLDVGTNLQNAIAKLEDAK
DRAVPe00937,DAVYLHRIDLGPPISLERLDVGTNLQNAIAKLEDA
DRAVPe00936,PDAVYLHRIDLGPPISLERLDVGTNLGNAIAKLED
DRAVPe00935,ELNKAKSDLEESKEWIRRSNQKLDSIGNWHQSSTT
DRAVPe00934,IELNKAKSDLEESKEWIRRSNQKLDSIGNWHQSST
DRAVPe00933,SIELNKAKSDLEESKEWIRRSNQKLDSIGNWHQSS
DRAVPe00932,ISIELNKAKSDLEESKEWIRRSNQKLDSIGNWHQS
DRAVPe00931,DISIELNKAKSDLEESKEWIRRSNQKLDSIGNWHQ
DRAVPe00930,IDISIELNKAKSDLEESKEWIRRSNQKLDSIGNWH
DRAVPe00929,IDISIELNKAKSDLEESKEWIRRSNQKLDSIGNWH
DRAVPe00928,PIDISIELNKAKSDLEESKEWIRRSNQKLDSIGNW
DRAVPe00927,DPIDISIELNKAKSDLEESKEWIRRSNQKLDSIGN
DRAVPe00926,LDPIDISIELNKAKSDLEESKEWIRRSNQKLDSIG
DRAVPe00925,ALDPIDISIELNKAKSDLEESKEWIRRSNQKLDSI
DRAVPe00924,VALDPIDISIELNKAKSDLEESKEWIRRSNQKLDS
DRAVPe00923,SVALDPIDISIELNKAKSDLEESKEWIRRSNQKLD
DRAVPe00922,NSVALDPIDISIELNKAKSDLEESKEWIRRSNQKL
DRAVPe00921,NNSVALDPIDISIELNKAKSDLEESKEWIRRSNQK
DRAVPe00920,LNNSVALDPIDISIELNKAKSDLEESKEWIRRSNQ
DRAVPe00919,TLNNSVALDPIDISIELNKAKSDLEESKEWIRRSN
DRAVPe00918,ITLNNSVALDPIDISIELNKAKSDLEESKEWIRRS
DRAVPe00917,DITLNNSVALDPIDISIELNKAKSDLEESKEWIRR
DRAVPe00916,NDITLNNSVALDPIDISIELNKAKSDLEESKEWIR
DRAVPe00915,PNDITLNNSVALDPIDISIELNKAKSDLEESKEWI
DRAVPe00914,TPNDITLNNSVALDPIDISIELNKAKSDLEESKEW
DRAVPe00913,YTPNDITLNNSVALDPIDISIELNKAKSDLEESKE
DRAVPe00912,DASISQVNEKINQSLAFIRKSDELLHNVNAGKSTT
DRAVPe00911,FDASISQVNEKINQSLAFIRKSDELLHNVNAGKST
DRAVPe00910,EFDASISQVNEKINQSLAFIRKSDELLHNVNAGKS
DRAVPe00909,DEFDASISQVNEKINQSLAFIRKSDELLHNVNAGK
DRAVPe00908,SDEFDASISQVNEKINQSLAFIRKSDELLHNVNAG
DRAVPe00907,PSDEFDASISQVNEKINQSLAFIRKSDELLHNVNA
DRAVPe00906,FPSDEFDASISQVNEKINQSLAFIRKSDELLHNVN
DRAVPe00905,VFPSDEFDASISQVNEKINQSLAFIRKSDELLHNV
DRAVPe00904,LVFPSDEFDASISQVNEKINQSLAFIRKSDELLHN
DRAVPe00903,PLVFPSDEFDASISQVNEKINQSLAFIRKSDELLH
DRAVPe00902,DPLVFPSDEFDASISQVNEKINQSLAFIRKSDELL
DRAVPe00901,YDPLVFPSDEFDASISQVNEKINQSLAFIRKSDEL
DRAVPe00900,FYDPLVFPSDEFDASISQVNEKINQSLAFIRKSDE
DRAVPe00899,NFYDPLVFPSDEFDASISQVNEKINQSLAFIRKSD
DRAVPe00898,INFYDPLVFPSDEFDASISQVNEKINQSLAFIRKS
DRAVPe00897,IINFYDPLVFPSDEFDASISQVNEKINQSLAFIRK
DRAVPe00736,FYEIIMDIEQNNVQGKKGIQQLQKWEDWVGWIGNI
DRAVPe00735,TKDLQQKFYEIIMDIEQNNVQGKKGIQQLQKWEDW
DRAVPe00734,QTKDLQQKFYEIIMDIEQNNVQGKKGIQQLQKWED
DRAVPe00733,NQTKDLQQKFYEIIMDIEQNNVQGKKGIQQLQKWE
DRAVPe00732,YNQTKDLQQKFYEIIMDIEQNNVQGKKGIQQLQKW
DRAVPe00731,WYNQTKDLQQKFYEIIMDIEQNNVQGKKGIQQLQK
DRAVPe00730,EWYNQTKDLQQKFYEIIMDIEQNNVQGKKGIQQLQ
DRAVPe00729,GEWYNQTKDLQQKFYEIIMDIEQNNVQGKKGIQQL
DRAVPe00728,LGEWYNQTKDLQQKFYEIIMDIEQNNVQGKKGIQQ
DRAVPe00726,ITLGEWYNQTKDLQQKFYEIIMDIEQNNVQGKKGI
DRAVPe00723,WNHGNITLGEWYNQTKDLQQKFYEIIMDIEQNNVQ
DRAVPe00722,IWNHGNITLGEWYNQTKDLQQKFYEIIMDIEQNNV
DRAVPe00673,WMEWDREINNYTSLIHSLIEESQNQQEKNEQELLX
DRAVPe00595,MTWEEWDKKIEEYTKKIEELIKKSEEQQKKNEKEL
DRAVPe00443,ISGINASVVNIQKEIDRLNEVAKNLNESLIDLQEL
DRAVPe00413,ISGINASVVNIQKEIDRLNEVAKNLNESLIDLQEL
DRAVPe00412,ISGINASVVNIQKEIDRLNEVAKNLNESLIDLQEL
DRAVPe02306,QKKCPGRCTLKCGKHERPTLPYNCGKYICCVPVKVK
DRAVPe02255,YQFHLVLHEALRAQALSRQLILGRELAQELVAELAT
DRAVPe02253,TARLQLEARLQHLVAEILEREQSLALHALGYQLAFV
DRAVPe02199,GSIRTWFQRIPLGWFHCTYQKGKQHCRLRIRQKVEE
DRAVPe02147,SITQINTTLLDTTYEMISIQQVVKALNESYIDLKEL
DRAVPe02123,DHYNCVSSGGQCLYSACPIFTKIQGTCYRGKAKCCK
DRAVPe02066,GFGCPLDQMQCHNHCQSVRYRGGYCTNFLKMTCKCY
DRAVPe01999,RQIKINFQNRRMKNKKGELDELVYLLDGPGYDPIHS
DRAVPe01976,HSLIEESQNQQEKNEQELLELDKWASLWNWFNITNW
DRAVPe01975,REINNYTSLIHSLIEESQNQQEKNEQELLELDKWAS
DRAVPe01974,WMEWDREINNYTSLIHSLIEESQNQQEKNEQELLEL
DRAVPe01973,WNHTTWMEWDREINNYTSLIHSLIEESQNQQEKNEQ
DRAVPe01946,MVALGDTAWDFGSVGGVLTSIGKGIHQVFGSAFKSL
DRAVPe01760,DISGINASVVNIQKEIDRLNEVAKNLNESLIDLQEL
DRAVPe01755,SLTQINTTLLDLEYEMRSLQQVVKALNESYIDLKEL
DRAVPe01631,EEQAKTFLDKFNHEAEDLFYQSSLASWNYNTNITEE
DRAVPe01567,LVQPRGPRSGPGPWQGGRRKFRRQRPRLSHKGPMPF
DRAVPe01435,KPPSKPNNDFHFEVFNFVPCSICSNNPTCWAICKRI
DRAVPe01314,VANDPIDISIELNKAKSDLEESKEWIRRSNQKLDSD
DRAVPe01313,VALDPIDISIELNKAKSDLEESKEWIRRSNQKLDSD
DRAVPe01312,VANDPIDISIELNKAKSDLEESKEWIRRSNQKLDSI
DRAVPe01311,VALDPIDISIELNKAKSDLEESKEWIRRSNQKLDSI
DRAVPe01309,VYTDKVDISSQISSMNQSLQQSKDYIKEAQKILDTV
DRAVPe00835,EMTWEEWEKKIEEYIKKIEEILKKSQNQQIDLGSGX
DRAVPe00647,YTSLIHSLIEESQNQQEKNEQELLELDKWASLWNWF
DRAVPe00622,YTSLIWSIIIDGREQQRDNEGVLADLDKWASLWNWF
DRAVPe00621,YTSLIRELISNARTQQTDNEESLRNVDKWASLWNWF
DRAVPe00620,YTSLIREIMNKSWGQQRRNEGTLAEIDKWASLWNWF
DRAVPe00619,YTSLIWKVLNDAREQQENNQETLVEIDKWASLWNWF
DRAVPe00618,YTSLLWSIIEEGRNLQEKNEQKLLELDKWASLWNWF
DRAVPe00617,YTSLLRSLIEESRNLQEKNEQALLEVDKWASLWNWF
DRAVPe00616,YTSLIRSIIEESRNQQEKNEQKLLEVDKWASLWNWF
DRAVPe00615,YTSLLRSIIEEGRNQQEKNEQALLELDKWASLWNWF
DRAVPe00614,YTSLIHSIIEESRNRQEKNEQALLELDKWASLWNWF
DRAVPe00613,YTSLIREILVESRIQQEKNERELRDIDKWASLWNWF
DRAVPe00594,MTWEEWDKKIEEYTKKIEELIKKSEEQQKKNEKELK
DRAVPe00574,FNATYLNLTGEIDDLEFRSEKLHNTTVELAILIDNI
DRAVPe00573,SLTQINTTLLDLEYEMKKLEEVVKKLEESYIDLKEL
DRAVPe00520,YTSLIHSLIEESQNQQEKNEQELLELDKWASLWNWF
DRAVPe00444,ISGINASVVNIQKEIDRLNEVAKNLNESLIDLQELK
DRAVPe00433,LDLEYEMKKLEEAIKKLEESYIDLKELGTYEYYVKW
DRAVPe00432,TFLDLEYEMKKLEEAIKKLEESYIDLKELGTYEYYV
DRAVPe00431,NVTFLDLEYEMKKLEEAIKKLEESYIDLKELGTYEY
DRAVPe00421,SLDQINVTFLDLEYEMKKLEEAIKKLEESYIDLKEL
DRAVPe00419,SLDYINVTFLDLQDEMNRLQEAIKVLNQSYINLKDI
DRAVPe00418,SLTQINTTLLDLTYEMLSLQQVVKALNESYIDLKEL
DRAVPe00417,SLTQINASVVNIQKEIDRLNEVAKNLNESLIDLQEL
DRAVPe00416,ELSGINASVVNLQKEIDRLNEVAKNLNESLIDLQEL
DRAVPe00415,EISGINASVVNIQKEIDRLNEVAKNLNESLIDLQEL
DRAVPe00414,DISGINASVVNIQKEIDRLNEVAKNLNESLIDLQEL
DRAVPe00411,LKVLLYEEFKLLESLIMEILEYQKDSDIKENAEDTK
DRAVPe00404,SLDQINVTFLDLEYEMKKLEEAIKKLEESYIDLKEL
DRAVPe00403,SLDQINVTFLDLEYEMKKLEEAIKKLEESYIDLKEL
DRAVPe00402,SLDQINVTFLDLEYEMKKLEEAIKKLEESYIDLKEL
DRAVPe00401,SLDQINVTFLDLEYEMKKLEEAIKKLEESYIDLKEL
DRAVPe00255,MTWMEWDREINNYTSLIHSLIEESQNQQEKNEQELL
DRAVPe00248,YTSLIHSLIEERQNQQEKNEQELLELDKWASLWNWF
DRAVPe00247,YTSLIHSLIEEKQNQQEKNEQELLELDKWASLWNWF
DRAVPe00246,YTSLIHSLIEEHQNQQEKNEQELLELDKWASLWNWF
DRAVPe00245,YTSLIHSLIEEEQNQQEKNEQELLELDKWASLWNWF
DRAVPe00244,YTSLIHSLIEEDQNQQEKNEQELLELDKWASLWNWF
DRAVPe00243,YTSLIHSLIEEQQNQQEKNEQELLELDKWASLWNWF
DRAVPe00242,YTSLIHSLIEENQNQQEKNEQELLELDKWASLWNWF
DRAVPe00241,YTSLIHSLIEEWQNQQEKNEQELLELDKWASLWNWF
DRAVPe00240,YTSLIHSLIEEYQNQQEKNEQELLELDKWASLWNWF
DRAVPe00239,YTSLIHSLIEEFQNQQEKNEQELLELDKWASLWNWF
DRAVPe00238,YTSLIHSLIEETQNQQEKNEQELLELDKWASLWNWF
DRAVPe00237,YTSLIHSLIEEPQNQQEKNEQELLELDKWASLWNWF
DRAVPe00236,YTSLIHSLIEEMQNQQEKNEQELLELDKWASLWNWF
DRAVPe00235,YTSLIHSLIEEIQNQQEKNEQELLELDKWASLWNWF
DRAVPe00234,YTSLIHSLIEELQNQQEKNEQELLELDKWASLWNWF
DRAVPe00233,YTSLIHSLIEEVQNQQEKNEQELLELDKWASLWNWF
DRAVPe00232,YTSLIHSLIEEAQNQQEKNEQELLELDKWASLWNWF
DRAVPe00231,YTSLIHSLIEEGQNQQEKNEQELLELDKWASLWNWF
DRAVPe02693,KVDISSQISSMNQSLQQSKDYIKEAQRLLDTVNPSL
DRAVPe02661,DPVTCLKSGAICHPVFCPRRYKQIGTCGLPGTKCCKP
DRAVPe02277,DQYKCLQHGGFCLRSSCPSNTKLQGTCKPDKPNCCKS
DRAVPe02233,GTYDHDVYRDEALNNRFQIKGVELKSGYKDWGSGSGC
DRAVPe02132,EISKINTTLLDLSDEMAMLQQEVVKQLNDSYIDLKEL
DRAVPe02114,GFSSIFRGVAKFASKGLGKDLARLGVNLVACKISKQC
DRAVPe02086,MERIKELRDLMSWSRTREILTKTTVDHMAIIKKYTSG
DRAVPe02076,KWKLFKKIEKVGQNIRDGIIKAGPAVAVVGQATQIAK
DRAVPe01813,GFGCPFNQGQCHKHCQSIRRRGGYCDGFLKTRCVCYR
DRAVPe01722,GINASVVNIQKEIDRLNEVAKNLNESLIDLQELGKYE
DRAVPe01714,LDLSDEMAMLLQEVVKQLNDSYIDLKELGNYTYYNKW
DRAVPe01713,EISKINTTLLDLSDEMAMLLQEVVKQLNDSYIDLKEL
DRAVPe01712,GPNFAEISKINTTLLDLSDEMAMLLQEVVKQLNDSYI
DRAVPe01530,LLGDLLRKSKEKIGKEFKRIVQRIKDFLRNLVPRTES
DRAVPe01529,LLGDFFRKSKEKIGKEFKRIVQRIKDFLRNLVPRTES
DRAVPe01382,KRKRAVKRVGRRLKKLARKIARLGVAKLAGLRAVKLF
DRAVPe01378,FAVAVKAVAVKAVAVKAVKKAVKKVKKAVKKAVKKKK
DRAVPe00752,IEEIEKKIEEIEKKIEEIEKKIEEIEKKIEEIEKKXX
DRAVPe00751,IEEIKKKIEEIKKKIEEIKKKIEEIKKKIEEIKKKXX
DRAVPe00750,IEEIQKKIEEIQKKIEEIQKKIEEIQKKIEEIQKKXX
DRAVPe00749,IEEIHKKIEEIHKKIEEIHKKIEEIHKKIEEIHKKXX
DRAVPe00748,IEEIWKKIEEIWKKIEEIWKKIEEIWKKIEEIWKKXX
DRAVPe00747,IEEIYKKIEEIYKKIEEIYKKIEEIYKKIEEIYKKXX
DRAVPe00746,IEEISKKIEEISKKIEEISKKIEEISKKIEEISKKXX
DRAVPe00745,LEELSKKLEELSKKLEELSKKLEELSKKLEELSKKXX
DRAVPe00744,YEEYSKKYEEYSKKYEEYSKKYEEYSKKYEEYSKKXX
DRAVPe00743,FEEFSKKFEEFSKKFEEFSKKFEEFSKKFEEFSKKXX
DRAVPe00742,VEEVSKKVEEVSKKVEEVSKKVEEVSKKVEEVSKKXX
DRAVPe00741,AEEASKKAEEASKKAEEASKKAEEASKKAEEASKKXX
DRAVPe00740,XTWXEWDXEINNYTSLIHSLIEESQNQXEKNXQELLE
DRAVPe00739,XTWMEWDREINNYTSLIHSLIEESQNQXEKNXQELLE
DRAVPe00738,XTWXEWDXEINNYTSLIHSLIEESQNQQEKNEQELLE
DRAVPe00737,XTWXEWDREINNYTSLIHSLIEESQNQQEKNEQELLE
DRAVPe00429,SVVNIQKEIDRLNEVAKNLNESLIDLQELGKYEQYIK
DRAVPe00428,SVVNIQKEIDRLNEVAKNLNESLIDLQELGKYEQYIK
DRAVPe00427,SVVNIQKEIDRLNEVAKNLNESLIDLQELGKYEQYIK
DRAVPe00426,SVVNIQKEIDRLNEVAKNLNESLIDLQELGKYEQYIK
DRAVPe00425,SVVNIQKEIDRLNEVAKNLNESLIDLQELGKYEQYIK
DRAVPe00424,SVVNIQKEIDRLNEVAKNLNESLIDLQELGKYEQYIK
DRAVPe00423,SVVNIQKEIDRLNEVAKNLNESLIDLQELGKYEQYIK
DRAVPe00422,SVVNIQKEIDRLNEVAKNLNESLIDLQELGKYEQYIK
DRAVPe00420,SLDQINVTFLDLEYEMKKLEEAIKKLEESYIDLKELK
DRAVPe00375,GFLSIFRGVAKFASKGLGKDLARLGVNLVACKISKQC
DRAVPe00292,GDPTFCGETCRVIPVCTYSAALGCTCDDRSDGLCKRN
DRAVPe02312,YGRKKRRQRRRGSGIEPHDWTKNITCKIOQIIHDFVDK
DRAVPe02311,YGRKKRRQRRRGSGIEPHDWTKCITOKIDQIIHDFVDK
DRAVPe02307,YGRKKRRQRRRGSGIEPHDWTKNITDKIDQIIHDFVDK
DRAVPe02294,YGRKKRRQRRRGSGIEPHDWTKNITDKIDQIIHDFVDK
DRAVPe02228,PGEKGPSGEAGTAGPPGTPGPQGL
DRAVPe02023,ISRLAGLLRKGGEKIGEKLKKIGQKIKNFFQKLVPQPE
DRAVPe01759,GDISGINASVVNIQKEIDRLNEVAKNLNESLIDLQELG
DRAVPe01751,RIQQIEQKIHHIEQRIQQIEQLLQLTVWGIKQLQARIL
DRAVPe01269,NGIGVTQNVLYENQKQIANQFNKAISQIQESLTTTSTA
DRAVPe00821,KIEEIESKIKKIENEIARIKKLLQLTVWGIKQLQARIL
DRAVPe00820,KIEEIESKQKKIENEIARIKKLLQLTVWGIKQLQARIL
DRAVPe00792,TTWEAWDRAIAEYAARIEALIRAAQEQQEKNEAALREL
DRAVPe00694,WEEWEKKIEEYTKKIEEILKKSEEQQKKNEEELKKLEK
DRAVPe00674,WMEWDREINNYTSLIHSLIEESQNQQEKNEQELLGSGX
DRAVPe00669,WEEWEKKIEEYTKKIEEILKKSEEQQKKNEEELKKLEX
DRAVPe00270,TTWEAWDRAIAEYAARIEALIRALQELQEKLEAILREL
DRAVPe00269,TTWEAWDRAIAEYAARIEALIRAAQELQEKLEAALREL
DRAVPe00268,TTWEAWDRAIAEYAARIEALIRALQELQEKNEAILREL
DRAVPe00267,TTWEAWDRAIAEYAARIEALIRALQELQEKNEAALREL
DRAVPe00266,TTWEAWDRAIAEYAARIEALIRAAQEQQEKLEAVLREL
DRAVPe00265,TTWEAWDRAIAEYAARIEALIRAAQEQQEKLEAALREL
DRAVPe00264,TTWEAWDRAIAEYAARIEALIRALQEQQEKNEAILREL
DRAVPe00263,TTWEAWDRAIAEYAARIEALIRAAQELQEKNEAALREL
DRAVPe00262,TTWEAWDRAIAEYAARIEALIRALQEQQEKNEAALREL
DRAVPe00261,TTWEAWDRAIAEYAARIEALIRAAQEQQEKNEAILREL
DRAVPe00260,MTWEAWDRAIAEYAARIEALIRAAQEQQEKNEAALREL
DRAVPe00259,TTWEAWDRAIAEYAARIEALIRASQEQQEKNEAELREL
DRAVPe00258,MTWMAWDRAIANYAALIHALIEAAQNQQEKNEAALLEL
DRAVPe00257,TTWEEWDREINEYTSRIESLIRESQEQQEKNEQELREL
DRAVPe00256,MTWMEWDREINNYTSLIHSLIEESQNQQEKNEQELLEL
DRAVPe02198,ELQREESPTGPPGSIRTWFQRIPLGWFHCTYQKGKQHCR
DRAVPe02192,SLSLDFEKLNVTLLDLTYEMNRIQDAIKKLNESYINLKE
DRAVPe01944,PEDQFNVALDQVFESIENSQALVDQSNRILSSAEKGNTG
DRAVPe01937,NDSRGIDAEEELETKAELVITKLKTPLMRGKVVVGAAGA
DRAVPe01744,DLSLDFEKLNVTLLDLTYEMNRIQDAIKKLNESYINLKE
DRAVPe01715,GGGSLTQINTTLLDLTYEMLSLQQVVKALNESYIDLKEL
DRAVPe01302,DLSLDFEKLNVTLLDLTYEMNRIQDAIKKLNESYINLKE
DRAVPe00406,SLDQINVTFLDLEYEMKKLEEAIKKLEESYIDLKELGSG
DRAVPe00405,SLDQINVTFLDLEYEMKKLEEAIKKLEESYIDLKELGSG
DRAVPe00254,WQEWEQKITALLEQAQIQQEKNEYELQKLDKWASLWEWF
DRAVPe02278,KINNPVSCLRKGGRCWNRCIGNTRQIGSCGVPFLKCCKRK
DRAVPe02239,MARRPVNHAUMARRPVNHAUMARRPVNHAUMARRPVNHAU
DRAVPe02150,GVTQNVLYENQKQIANQFNKAISQIQESLTTTSTALGKLQ
DRAVPe02143,QSVACRSYYCSKFCGSAGCSLYGCYLLHPGKICYCLHCSR
DRAVPe02117,ANTAFVSSAHNTQKIPAGAPFNRNLRAMLADLRQNAAFAG
DRAVPe02069,DAEFRHDSGYEVHHQKLVFFAEDVGSNKGAIIGLMVGGVV
DRAVPe02031,LEAIPCSIPPEFLFGKPFVFLEAIPCSIPPEFLFGKPFVF
DRAVPe01740,DISGINASVVNIQKEIDRLNEVAKNLNESLIDLQELGKYE
DRAVPe01298,DISGINASVVNIQKEIDRLNEVAKNLNESLIDLQELGKYE
DRAVPe00441,NVTFLDLEYEMKKLEEAIKKLEESYIDLKELGTYEYGSGC
DRAVPe00440,LDLEYEMKKLEEAIKKLEESYIDLKELGTYEYYVKWGSGK
DRAVPe00439,TFLDLEYEMKKLEEAIKKLEESYIDLKELGTYEYYVGSGK
DRAVPe00438,NVTFLDLEYEMKKLEEAIKKLEESYIDLKELGTYEYGSGK
DRAVPe00436,LDLEYEMKKLEEAIKKLEESYIDLKELGTYEYYVKWGSGC
DRAVPe00435,TFLDLEYEMKKLEEAIKKLEESYIDLKELGTYEYYVGSGC
DRAVPe02258,HATCSLAFALATSVALATRNDLLLRWAAARDAQTILSKRDR
DRAVPe02256,RARRSLLIASALCTSDVAAATNADLRTALARADHQKTLFWL
DRAVPe02124,GIGDPVTCLKSGAICHPVFCPRRYKQIGTCGLPGTKCCKKP
DRAVPe02077,GLPQDCERRGGFCSHKSCPPGIGRIGLCSKEDFCCRSRWYS
DRAVPe01958,GIGDPVTCLKSGAICHPVFCPRRYKQIGTCGLPGTKCCKKP
DRAVPe01894,SVALVPHVGMGLETRTETWMSSEGAWKHVQRIETWILRHPG
DRAVPe01434,KQRQNKPPSKPNNDFHFEVFNFVPCSICSNNPTCWAICKRI
DRAVPe01343,VRLASHLRKLRKRLLRDADDLIRLQAEAFQARLKSWFEPLV
DRAVPe00816,IKKEIEAIKKEQEAIKKKIEAIEKLLQLTVWGIKQLQARIL
DRAVPe00811,EWDREINNYTSLIHSLIEEXQNQQEKNEQELLELDKWASLW
DRAVPe00810,EWDREINNYTSLIHSLIEEXQNQQEKNEQELLELDKWASLW
DRAVPe00807,EWDREINNYTSLIHSLIEESQNQQEKNEXELLELDKWASLW
DRAVPe00806,EWDREINNYTSLIHSLIEESQNQQEKNEXELLELDKWASLW
DRAVPe00805,EWDREINNYTSLIHSLIEESQXQQEKNEQELLELDKWASLW
DRAVPe00804,EWDREINNYTSLIHSLIEESQXQQEKNEQELLELDKWASLW
DRAVPe00803,EWDREINNYTSLIHSLIXESQNQQEKNEQELLELDKWASLW
DRAVPe00802,EWDREINNYTSLIHSLIXESQNQQEKNEQELLELDKWASLW
DRAVPe00801,EWDREINNYTSLIHXLIEESQNQQEKNEQELLELDKWASLW
DRAVPe00800,EWDREINNYTSLIHXLIEESQNQQEKNEQELLELDKWASLW
DRAVPe00799,EWDREINNYTXLIHSLIEESQNQQEKNEQELLELDKWASLW
DRAVPe00798,EWDREINNYTXLIHSLIEESQNQQEKNEQELLELDKWASLW
DRAVPe00797,EWDXEINNYTSLIHSLIEESQNQQEKNEQELLELDKWASLW
DRAVPe00796,EWDXEINNYTSLIHSLIEESQNQQEKNEQELLELDKWASLW
DRAVPe00793,EWDREINNYTSLIHSLIEESQNQQEKNEQELLELDKWASLW
DRAVPe00695,EMTWEEWEKKIEEYTKKIEEILKKSEEQQKKNEEELKKLEK
DRAVPe00670,EMTWEEWEKKIEEYTKKIEEILKKSEEQQKKNEEELKKLEX
DRAVPe00473,SLDQINVTFLDLEYEMKKLEEAIKKLEESYIDLKELGSGSG
DRAVPe00472,SLDQINVTFLDLEYEMKKLEEAIKKLEESYIDLKELGSGSG
DRAVPe00471,SLDQINVTFLDLEYEMKKLEEAIKKLEESYIDLKELGSGSG
DRAVPe00470,SLDQINVTFLDLEYEMKKLEEAIKKLEESYIDLKELGSGSG
DRAVPe00442,SLDQINVTFLDLEYEMKKLEEAIKKLEESYIDLKELGSGSG
DRAVPe00410,SLDQINVTFLDLEYEMKKLEEAIKKLEESYIDLKELGSGSG
DRAVPe00409,SLDQINVTFLDLEYEMKKLEEAIKKLEESYIDLKELGSGSG
DRAVPe00408,SLDQINVTFLDLEYEMKKLEEAIKKLEESYIDLKELGSGSG
DRAVPe00407,SLDQINVTFLDLEYEMKKLEEAIKKLEESYIDLKELGSGSG
DRAVPe02201,SPTGPPGSIRTWFQRIPLGWFHCTYQKGKQHCRLRIRQKVEE
DRAVPe02078,SPIHACRYQRGVCIPGPCRWPYYRVGSCGSGLKSCCVRNRWA
DRAVPe01865,CGGGGGSLTEINTELLDLEYEMKKLEEVVKKLEESYIDLKEL
DRAVPe01796,XGSGSGVALDPIDISIVLNKAKSDLEESKEWIRRSNGKLDSI
DRAVPe01795,XGSGSGVALDPIDISIVLNKAKSDLEESKEWIRRSNGKLDSI
DRAVPe01794,VALDPIDISIVLNKAKSDLEESKEWIRRSNGKLDSIGSGSGX
DRAVPe01793,VALDPIDISIVLNKAKSDLEESKEWIRRSNGKLDSIGSGSGX
DRAVPe01792,VALDPIDISIVLNKAKSDLEESKEWIRRSNGKLDSIGSGSGX
DRAVPe01791,VALDPIDISIVLNKAKSDLEESKEWIRRSNGKLDSIGSGSGC
DRAVPe01767,ANQFNSAIGKIQDSLSSTASALGKLQDVVNQNAQALNTLVKQ
DRAVPe01766,SLDQINVTFLDLEYEMKKLEEAIKKLEESYIDLKELGSGSGC
DRAVPe01765,SLTQINTTLLDLTYEMLSLQQVVKALNESYIDLKELGSGSGC
DRAVPe01764,DISGINASVVNIQKEIDRLNEVAKNLNESLIDLQELGSGSGC
DRAVPe01308,PPVYTKDVDISSQISSMNQSLQQSKDYIKEAQKILDTVNPSL
DRAVPe00809,EWDREINNYTSLIHSLIEESQNQQEKNEQELLELDKWASLWX
DRAVPe00808,EWDREINNYTSLIHSLIEESQNQQEKNEQELLELDKWASLWX
DRAVPe00795,XEWDREINNYTSLIHSLIEESQNQQEKNEQELLELDKWASLW
DRAVPe00794,XEWDREINNYTSLIHSLIEESQNQQEKNEQELLELDKWASLW
DRAVPe02286,QEAQSVACTSYYCSKFCGSAGCSLYGCYLLHPGKICYCLHCSR
DRAVPe02285,KYYGNGVSCNKKGCSVDWGKAIGIIGNNSAANLATGGAAGWKS
DRAVPe01940,TIRLESEVTAIKNALKKTNEAVSTLGNGVRVLATAVRELKDFV
DRAVPe00575,FNATYLNLTGEIDDLEFRSEKLHNTTVELAILIDNINNTLVNL
DRAVPe01297,VDLGDISGINASVVNIQKEIDRLNEVAKNLNESLIDLQELGKYE
DRAVPe02289,GIFPKIIGKGIVNGIKSLAKGVGMKVFKAGLNNIGNTGCNNRDEC
DRAVPe02155,GGGYSKAQKAQAKQAKQAQKAQKAQAKQAKQAQKAQKAQAKQAKQ
DRAVPe02148,DISGINASVVNIQKEIDRLNEVAKNLNESLIDLQELGSGSGCTEG
DRAVPe02125,GIINTLQKYYCRVRGGRCAVLSCLPKEEQIGKCSTRGRKCCRRKK
DRAVPe01889,NFYDPLVFPSDEFDASISQVNEKINQSLASIRKSDELLHNVNAGK
DRAVPe01422,AAHLIDALYAEFLGGRVLTTPVVHRALFYASAVLRQPFLAGVPSA
DRAVPe01310,DITLNNSVALDPIDISIELNKAKSDLEESKEWIRRSNQKLDSIGN
DRAVPe00819,RMKQIEDKIEEIESKIKKIENEIARIKKLLQLTVWGIKQLQARIL
DRAVPe00813,RMKQIEDKIEEIESKQKKIENEIARIKKLLQLTVWDIKQLQARIL
DRAVPe00812,RMKQIEDKIEEIESKQKKIENEIARIKKLLQLTVWGIKQLQARIL
DRAVPe00430,SLDQINVTFLDLEYEMKKLEEAIKKLEESYIDLKELGTYEYYVKW
DRAVPe02113,GLFSKKGGKGGKSWIKGVFKGIKGIGKEVGGDVIRTGIEIAACKIKGEC
DRAVPe02112,GLFPKFNKKKVKTGIFDIIKTVGKEAGMDVLRTGIDVIGCKIKGEC
DRAVPe01752,RIQQIEQKIHHIEQRIQQIEQRAIEAQQHLLQLTVWGIKQLQARIL
DRAVPe01743,NQNAQALNTLVKQLSSNFGAISSVLNDILSRLDKVEAEVQIDRLIT
DRAVPe01726,QNQSANQFQKEISQINEVLTTTNTSLGKLQDDVNQNNQSLNTLQKE
DRAVPe01725,QKQIANQFNKAISQIQESLTTTSTALGKLQDVVNQNAQALNTLVKQ
DRAVPe02195,ELQREESPTGPPGSIRTWFQRIPLGWFHCTYQKGKQHCRLRIRQKVEE
DRAVPe01941,AKTIRLESEVTAIKNALKKTNEAVSTLGNGVRVLATAVRELKDFVSKN
DRAVPe01736,DVDLGDISGINASVVNIQKEIDRLNEVAKNLNESLIDLQELGKYEQYI
DRAVPe01296,TSPDVDLGDISGINASVVNIQKEIDRLNEVAKNLNESLIDLQELGKYE
DRAVPe01291,DVDLGDISGINASVVNIQKEIDRLNEVAKNLNESLIDLQELGKYEQYI
DRAVPe00817,IKKEIEAIKKEQEAIKKKIEAIEKEIEAQQHLLQLTVWGIKQLQARIL
DRAVPe01883,GRRRRSVQWCAVSQPEATKCFQWQRNMRKVRGPPVSCIKRDSPIQCIQA
DRAVPe01430,KQRQNKPPSKPNNDFHFEVFNFVPCSICSNNPTCWAICKRIPNKKPGKK
DRAVPe00437,SLDQINVTFLDLEYEMKKLEEAIKKLEESYIDLKELGTYEYYVKWGSGK
DRAVPe00434,SLDQINVTFLDLEYEMKKLEEAIKKLEESYIDLKELGTYEYYVKWGSGC
DRAVPe02159,VVEQYNQTILNLTSEISTLENKSAELNYTVQKLQTLIDNINSTLVDLKWL
DRAVPe00576,FNATYLNLTGEIDDLEFRSEKLHNTTVELAILIDNINNTLVNLEWLNRIE
