id,sequencia
>negativo0,TRED
>negativo1,GHAH
>negativo2,CQRD
>negativo3,KRYG
>negativo4,MMHH
>negativo5,GYCL
>negativo6,FHWI
>negativo7,IRGG
>negativo8,QMWV
>negativo9,KLLL
>negativo10,DYAT
>negativo11,FLND
>negativo12,MYDV
>negativo13,GMHC
>negativo14,TLQR
>negativo15,TCCR
>negativo16,IELE
>negativo17,GVSVC
>negativo18,YRNWW
>negativo19,TAFYA
>negativo20,FPHMY
>negativo21,KIKGP
>negativo22,MICPV
>negativo23,TKNFI
>negativo24,GEWTD
>negativo25,VQELK
>negativo26,FMRKY
>negativo27,MDADP
>negativo28,FFGSV
>negativo29,EEINI
>negativo30,CWSMR
>negativo31,QWEPG
>negativo32,DLYFF
>negativo33,TAAIQ
>negativo34,EDQYG
>negativo35,INNKT
>negativo36,SPWPP
>negativo37,MVKAD
>negativo38,RRIWW
>negativo39,PVLGQ
>negativo40,DGPQH
>negativo41,KNCPA
>negativo42,WIVTS
>negativo43,RDQRL
>negativo44,SNKMM
>negativo45,VQLEF
>negativo46,HPVAF
>negativo47,VTTAC
>negativo48,MEMCC
>negativo49,RLAGM
>negativo50,TNCWG
>negativo51,KGGDD
>negativo52,CKKCH
>negativo53,EIRSG
>negativo54,RQREP
>negativo55,AMTRT
>negativo56,FTYTD
>negativo57,THQFQ
>negativo58,GNSIQ
>negativo59,NELPM
>negativo60,FNNMH
>negativo61,IHWFI
>negativo62,ISWHS
>negativo63,PVFET
>negativo64,VTIFAS
>negativo65,FMVMAM
>negativo66,KPQWLS
>negativo67,CQVGFV
>negativo68,HICHNP
>negativo69,ADSLVT
>negativo70,EWTVGT
>negativo71,ELLCHG
>negativo72,YRDVPI
>negativo73,TEWITS
>negativo74,VGWPQG
>negativo75,MIEGND
>negativo76,ESEDLE
>negativo77,IGDAMW
>negativo78,EYSWSA
>negativo79,KCQFHD
>negativo80,YAHLYM
>negativo81,ILRYEW
>negativo82,FVANPD
>negativo83,CGNSGA
>negativo84,NTAFIA
>negativo85,IGDSLK
>negativo86,TNSIKV
>negativo87,NFLMDM
>negativo88,YQVRCF
>negativo89,MQIRGF
>negativo90,AESVYM
>negativo91,FCTDRF
>negativo92,PTKAQF
>negativo93,PARDLQ
>negativo94,KKCMDQ
>negativo95,MQFWCD
>negativo96,YMSNQL
>negativo97,MKMWPK
>negativo98,EACYPP
>negativo99,TLGVIS
>negativo100,FRCGKN
>negativo101,KCEKKG
>negativo102,MVMIVP
>negativo103,CGNHGK
>negativo104,YCFNQS
>negativo105,DGWVTL
>negativo106,YTMIRR
>negativo107,DDQGGI
>negativo108,PVDRLW
>negativo109,DQSCAM
>negativo110,CNRQEE
>negativo111,LDGWRK
>negativo112,DNSQHN
>negativo113,EMHQVW
>negativo114,MWMGEW
>negativo115,IDGDHV
>negativo116,KVHRQC
>negativo117,IGWSAD
>negativo118,QEFLAE
>negativo119,KYLWNA
>negativo120,HSTLSH
>negativo121,TQRQSH
>negativo122,FRNHKK
>negativo123,REVIPY
>negativo124,NSRKPK
>negativo125,ECKMDD
>negativo126,HMYNGG
>negativo127,IRWYYDH
>negativo128,QHKTSES
>negativo129,TGAQALV
>negativo130,LTVYNPC
>negativo131,HSTGEAG
>negativo132,RRVFGYW
>negativo133,SDREWQK
>negativo134,FFIERFF
>negativo135,LISNQAS
>negativo136,HFGVFGK
>negativo137,VEQLDEP
>negativo138,RCQWCFI
>negativo139,KSTVMSL
>negativo140,RCCEKFQ
>negativo141,DAIVCFD
>negativo142,FQINSER
>negativo143,DYVNFPT
>negativo144,GITQIRP
>negativo145,NYAPKSI
>negativo146,YPPYAIS
>negativo147,WSRVPCA
>negativo148,ESCPVLW
>negativo149,CVTIYMF
>negativo150,IDFDDDS
>negativo151,MSFRPDI
>negativo152,CQDKWVI
>negativo153,MGNHDES
>negativo154,IMNGTTSC
>negativo155,MRHGSCMR
>negativo156,ECQVDQEG
>negativo157,SLMAVSPV
>negativo158,KGYSTIPQ
>negativo159,PITSWVIM
>negativo160,NTFCAKTN
>negativo161,NPFNRAVS
>negativo162,RNGNKQRQ
>negativo163,GVPLKSKM
>negativo164,EDWNPVSL
>negativo165,LDWDLHRT
>negativo166,ASACDSFE
>negativo167,CWWMDQHC
>negativo168,YCFEQSIT
>negativo169,DDRWVDRC
>negativo170,TALQVSTQ
>negativo171,QQMCPFTW
>negativo172,RIDWEEKE
>negativo173,PDIFPHGY
>negativo174,SHSGVKIM
>negativo175,FHWCKCHD
>negativo176,LPFCARIY
>negativo177,WDFSVKWK
>negativo178,YFTCAPII
>negativo179,RTMKRMND
>negativo180,LMTRIHTS
>negativo181,GFYWYCND
>negativo182,ISARKNKN
>negativo183,YSPPFAIC
>negativo184,QDSGIQFA
>negativo185,LQCYYMIM
>negativo186,MILWFRME
>negativo187,TRGGRFAW
>negativo188,MDREPLFV
>negativo189,WTVQECTN
>negativo190,KPKFAWFL
>negativo191,NYNTIAPR
>negativo192,THKSQYWD
>negativo193,KLYYEACM
>negativo194,MVFVFKLS
>negativo195,THKVHCIE
>negativo196,AQAHTCWR
>negativo197,FHQQTHAC
>negativo198,HKEMILPR
>negativo199,EVSEESED
>negativo200,HTLGHIRR
>negativo201,LSHIWMAS
>negativo202,PHCSMIPA
>negativo203,TIQKQIEL
>negativo204,AAVTGANT
>negativo205,KHMPDRWP
>negativo206,IPENYIDE
>negativo207,KCWETEMK
>negativo208,VTSGKNKP
>negativo209,EDPIFHTG
>negativo210,PVSHGYQL
>negativo211,MPTQPWYS
>negativo212,LATMLTWI
>negativo213,TRGAKSRR
>negativo214,WCAEEPTN
>negativo215,IGSRKRPG
>negativo216,FEFSHKPF
>negativo217,SSLIYTFM
>negativo218,TPGHVSVV
>negativo219,LPDGIHAI
>negativo220,RFVVINEI
>negativo221,IRFHKVTL
>negativo222,RICESYQT
>negativo223,FMEYISRF
>negativo224,SVCQVAAS
>negativo225,TDETWDQQ
>negativo226,AWVLCLDF
>negativo227,CPTPVSKH
>negativo228,EWGEGKKE
>negativo229,LCLKKAQR
>negativo230,SISMPQSA
>negativo231,PMDDQRNF
>negativo232,AMMWDYLH
>negativo233,NQKVYGNG
>negativo234,WWQWIQKF
>negativo235,GFDMGNAN
>negativo236,GDLVNITN
>negativo237,YDWGYNIG
>negativo238,HNQDEWLN
>negativo239,ERIRFPIH
>negativo240,TGDAQNIM
>negativo241,YFYQSHVNM
>negativo242,PPLFRVFLK
>negativo243,INRENVTAT
>negativo244,NQKCTVEYW
>negativo245,DTITIRVTK
>negativo246,GTIPIGAQI
>negativo247,PCGTATDGN
>negativo248,SQPHANYMG
>negativo249,HYPWSLYPP
>negativo250,CGSQSWQWM
>negativo251,ARNTNFTLN
>negativo252,EDDRDFVNH
>negativo253,NWTSCVVPY
>negativo254,WVGLGCTGL
>negativo255,WIHAITGQP
>negativo256,SHDHKKSKG
>negativo257,MHWYEDDSE
>negativo258,RCQRCWKQA
>negativo259,HAYTCNFIN
>negativo260,EPLVYYLEL
>negativo261,EYGAYWKQR
>negativo262,IRMVLTKFM
>negativo263,SKIFCYDFA
>negativo264,ILGSQDTYE
>negativo265,YEDSEPIMH
>negativo266,MDFIQAIQI
>negativo267,NQQVQPCQT
>negativo268,LHQRGEWLA
>negativo269,AFLREVGVF
>negativo270,QEYDQTQCD
>negativo271,EMKACPQGK
>negativo272,TKPTMHLLL
>negativo273,CQMLLCQTT
>negativo274,IMDHMRDVW
>negativo275,WYTFNKMIY
>negativo276,VYSDCVRRI
>negativo277,HACKVDDPL
>negativo278,YPCGVIPPF
>negativo279,MKHAIICSC
>negativo280,CEDNGGHFV
>negativo281,QITAWYHAT
>negativo282,FMNCESQQK
>negativo283,NSYKMTGDQ
>negativo284,PPAVDVNSL
>negativo285,FYQQHATHM
>negativo286,SSLSMRHLC
>negativo287,TWDMAGTKM
>negativo288,HAYKPDSDW
>negativo289,CWIGFNLAM
>negativo290,MSLYDRSFQ
>negativo291,VAYNNPCQW
>negativo292,GYERQRQSD
>negativo293,QCIFWPTCK
>negativo294,FVTFLRCIY
>negativo295,AVVGHCENR
>negativo296,IWHSGFKHC
>negativo297,DCEGMAEQE
>negativo298,ATSIIEEGL
>negativo299,CKHFPSNTK
>negativo300,PDYPCELKL
>negativo301,VCRKMNAPP
>negativo302,SPWNRHDLF
>negativo303,SMDGIDCWY
>negativo304,QNIHYMYHK
>negativo305,YMRFLRHLF
>negativo306,GQSFAFEFV
>negativo307,LGFPKDHIL
>negativo308,VRHSRCGLN
>negativo309,FSLVLSPDY
>negativo310,WMPMLNSDH
>negativo311,IISAVYHCE
>negativo312,AKDTYFYQQ
>negativo313,EAPQNSFVY
>negativo314,KYDGLLLDG
>negativo315,YILREPLAV
>negativo316,MFLGGVRVA
>negativo317,HMTQQKIKW
>negativo318,SPKNQIWSP
>negativo319,NFPRSRLYA
>negativo320,LPIRDQYKQ
>negativo321,TMCPWGYAS
>negativo322,FIGTGAEEP
>negativo323,WEHYHGTSM
>negativo324,ERQADPDFG
>negativo325,EDEELPVEA
>negativo326,TYASHIEDN
>negativo327,LDNWFASPF
>negativo328,VVGHWHHGF
>negativo329,CMSAAHTPQ
>negativo330,CQSSNGTLI
>negativo331,YCLDCSETP
>negativo332,HNWYQWAMS
>negativo333,RHIFRKIKD
>negativo334,SAGHYLSHM
>negativo335,REPGTMLTE
>negativo336,YSTTFNSYE
>negativo337,HFHTGQQIM
>negativo338,RHFHDCEYD
>negativo339,YFHLHTRAQ
>negativo340,VLEDWMWEY
>negativo341,KTKGFFDYC
>negativo342,CNNEYPSQP
>negativo343,WPYDPTRSA
>negativo344,QKVVIKAGN
>negativo345,IMQSQGRCP
>negativo346,NVSFWCNQA
>negativo347,KPFPITGDK
>negativo348,GWHNYAEKQ
>negativo349,VIFCWCGKM
>negativo350,RPMMEHHPC
>negativo351,PKKMNRDML
>negativo352,QTVDIEGPH
>negativo353,KSKTDYCSD
>negativo354,PPRDQFQDE
>negativo355,FYLKFCDGP
>negativo356,FYNVAICVW
>negativo357,GKWMGYNPV
>negativo358,QHEAAYKHT
>negativo359,WSNLQKRWP
>negativo360,ESKWKGMWG
>negativo361,VLTEYYYCR
>negativo362,MDGVYTNGK
>negativo363,THTQGTFIA
>negativo364,KRKFSIIGV
>negativo365,IFCDQYNCY
>negativo366,KLNLENLCM
>negativo367,WWHKMDMYV
>negativo368,DCLMDCDQW
>negativo369,FTWYGTFIS
>negativo370,SQMGQQPTQ
>negativo371,DRMEECVLV
>negativo372,YNMMAKEMK
>negativo373,WGIESAKMV
>negativo374,REDPHTRPP
>negativo375,KIPELQGHK
>negativo376,VTHNPIQNE
>negativo377,HLMMKEQKK
>negativo378,LHLYCFFLV
>negativo379,VRVWKMVAA
>negativo380,VYSAMFEMP
>negativo381,WYDYTMFWD
>negativo382,GMPDECDEE
>negativo383,GCMMGDRVP
>negativo384,DYAQNMNRS
>negativo385,MEGPYRPNF
>negativo386,PWGCKAHFM
>negativo387,WEHEEDAQN
>negativo388,QKEMAACEC
>negativo389,ILTDCAWTF
>negativo390,AHEHKQLID
>negativo391,DYHFDAHQM
>negativo392,FGQAVVIRG
>negativo393,QCPWYAFRK
>negativo394,IWVLHLENL
>negativo395,NHSYVIQNM
>negativo396,SYEDSWPLC
>negativo397,IRHCDDLPQ
>negativo398,GFMPKKVPR
>negativo399,PNSQDDSMT
>negativo400,FCTNQMPVE
>negativo401,EDGCEGFSS
>negativo402,RYIPPNHNR
>negativo403,AFKWCCAPR
>negativo404,DTRFRQRYL
>negativo405,KDLFFKGAW
>negativo406,DPWESILPI
>negativo407,QEQQTQAYK
>negativo408,GVLKCQKKTC
>negativo409,GKQNTEKSWV
>negativo410,GKRSTQTYGR
>negativo411,WKCRPHMFKF
>negativo412,GVSIVYAKLD
>negativo413,RYETCTKFLS
>negativo414,WGLDYFPGDM
>negativo415,HEKTDMSCTG
>negativo416,ALCLMYHNFD
>negativo417,TRELCLTEST
>negativo418,EGPHFMPGDG
>negativo419,VEPLNWYLHY
>negativo420,YHKLRINNCC
>negativo421,HMEHENMLWL
>negativo422,QQHFLCWDNV
>negativo423,CQSMRYWNEP
>negativo424,GTRGVNTMRH
>negativo425,GNAPDIPWSK
>negativo426,LSTEKHTCDE
>negativo427,THHYDWMETC
>negativo428,IWFSVGLITW
>negativo429,LAFAGDWPYK
>negativo430,LVTDWIGQIC
>negativo431,KIELWPAACG
>negativo432,GIDKHNNFAR
>negativo433,LKVHLHGYFA
>negativo434,KDCAKFHCEF
>negativo435,ANTVLVYIGI
>negativo436,HLWQPYAPWN
>negativo437,TVCCLQDVAF
>negativo438,DSIHFFKFLP
>negativo439,HESVWEQDLT
>negativo440,KLYYQQKEVW
>negativo441,HCGSCPCTDK
>negativo442,CLKMRKPFLL
>negativo443,EEFREIWNGQ
>negativo444,AIQVQLWIWL
>negativo445,KECHRYNEAC
>negativo446,ASDWIFVKEA
>negativo447,VKVCQTFEIW
>negativo448,PYGFYLGVSH
>negativo449,FLNYAYGQAD
>negativo450,WHQHSAFQRC
>negativo451,IGYHSKAGIH
>negativo452,KGGTTPSGPK
>negativo453,NIVQRTYNGW
>negativo454,WVLPKQCSEV
>negativo455,NINSLLQVVV
>negativo456,HQQSAGMYGS
>negativo457,HVQLVTLHFT
>negativo458,HEGRPLILPM
>negativo459,NFLKRYKTEP
>negativo460,GVGCVWIGRM
>negativo461,IYHTMNNCHN
>negativo462,LRHSTYRSDI
>negativo463,TDYRIDIQYL
>negativo464,TYGNWCMERD
>negativo465,YPRVVHSTFP
>negativo466,EWFWMHMEKN
>negativo467,PYTLIQAHGI
>negativo468,QDVRWQEMEI
>negativo469,IHAGNEHSQC
>negativo470,LNQPNNGHGF
>negativo471,HNQDYIDRWM
>negativo472,YQCIPREYHWC
>negativo473,RWKPATNPCKT
>negativo474,ADQGMHGQAFH
>negativo475,NLNFPCSNPYQ
>negativo476,FESNCIHAYTP
>negativo477,HRKVDGCFNWP
>negativo478,YICGAEHSFRY
>negativo479,FLEHDKSFFQR
>negativo480,ATRSILMVDAR
>negativo481,CLFLDDEHCDC
>negativo482,FKVRAGAWMFN
>negativo483,CNFCYTWQHDT
>negativo484,FDSMWNMRLRN
>negativo485,KYYCAARAIQN
>negativo486,RYPDKGGPELY
>negativo487,AQGCDDSAMKG
>negativo488,AMTRGTVHQQH
>negativo489,PMWCDYKLSEC
>negativo490,WQQIRNNMLIN
>negativo491,AIFINSEEIIP
>negativo492,STMEIHLLKER
>negativo493,MVVHNTTENRA
>negativo494,APVMVCVPTMD
>negativo495,ELNTQQGDHCC
>negativo496,ETSYPAFFAFK
>negativo497,KPAETKMPDWS
>negativo498,EHDDIGIKRAP
>negativo499,QFVQAMHNCNP
>negativo500,VYLHIDWLCDL
>negativo501,EYCDQIGCCHK
>negativo502,DNGYTYDLRSP
>negativo503,WCNVFPKKIRI
>negativo504,AVASELGNMVW
>negativo505,MCNMPCINLMN
>negativo506,FPRAICDCAHH
>negativo507,DKELQAAVINK
>negativo508,HSTLKTQNCWW
>negativo509,IIVKMNDLCKQ
>negativo510,QECYQQFYWVQ
>negativo511,TCHEFYHMINY
>negativo512,IKAIQKPYMSG
>negativo513,NYLDEFTAMMQ
>negativo514,SPAVKAIIHFL
>negativo515,CLAYACCPMQC
>negativo516,TIHPYHAVGYW
>negativo517,TFTTQMEKEIH
>negativo518,PDLNEMNTSQW
>negativo519,VYCTIDNCMWM
>negativo520,PIKMWDMWQFT
>negativo521,LQLNQVDVTYD
>negativo522,FEDDHQCFRAN
>negativo523,EVETHGSNMFQ
>negativo524,CECRPTECTAY
>negativo525,SATCTVVHNQMH
>negativo526,YPLKHYQSQNDS
>negativo527,VQKGSLFQINNF
>negativo528,FTTILVTNILRV
>negativo529,MFRECPAPWLIP
>negativo530,CSRGTSGIMRAN
>negativo531,MTAGPLQWYWWR
>negativo532,SFQWKCCVEDFF
>negativo533,YVSKQCSLKPTH
>negativo534,HVVLTCWFPVNP
>negativo535,AIRFWWNRIEGL
>negativo536,SRRNDTCMYWFA
>negativo537,WPQHQWRAANYY
>negativo538,CAASHPHGWEPF
>negativo539,VQPIKPQKFFRN
>negativo540,HWTEGYRKAYTW
>negativo541,NHVAVSVMRRVT
>negativo542,DQVVDLQVAEVV
>negativo543,WTYWLHKYCFIM
>negativo544,QYPAPSIPARTW
>negativo545,VEGKQQRWAEHM
>negativo546,FKVSSQERWAYI
>negativo547,RLTFPVEDPTEH
>negativo548,VGMMELVDMFGR
>negativo549,CMNKRGPMNISF
>negativo550,SMWFLDIYSHLC
>negativo551,QKKEESDDHMVE
>negativo552,TRFQVVTIKKGQ
>negativo553,CKEGQKRLVNPD
>negativo554,FEWYFQPKWCLC
>negativo555,YRRILFDQSIKT
>negativo556,YPLLVWSQGWDG
>negativo557,TKVVQSTCTIYT
>negativo558,EPNWIVEFYHTN
>negativo559,TENETWPTHNES
>negativo560,QNVAGLCSWAAR
>negativo561,PCSIKATGAYCG
>negativo562,HPESDLLPNLSP
>negativo563,NKTNDWYIQIFR
>negativo564,SSVWLKMMRLSP
>negativo565,TKGFTRNDRTHA
>negativo566,VKCQVSLSPGTK
>negativo567,NLECYFMCRIYW
>negativo568,QEHNHISVADWN
>negativo569,PAYNYGHCEPYV
>negativo570,GRQWLPMSDWHV
>negativo571,ADDCTKNMGMFA
>negativo572,ETGSDPLRSRDD
>negativo573,CRAIDQHAVRLS
>negativo574,RWTRHCDVMEVH
>negativo575,YMENNTNNQWMS
>negativo576,VKFSLGMPFAEF
>negativo577,AMLINYYNTHSY
>negativo578,TYQKWYTQENCL
>negativo579,MFKPCTCVMWQW
>negativo580,CFHTDCPDTPDY
>negativo581,KKAPKGSELMMP
>negativo582,THGMWVPRMILG
>negativo583,CHNDCHYKTPLC
>negativo584,VHWRIQNMPRQP
>negativo585,QEVLHPAIDVHC
>negativo586,AYSPWEVGCKLE
>negativo587,RPIKRYIYHDGS
>negativo588,DCSTKNLNLFHN
>negativo589,EDAMSDMSVSNS
>negativo590,DFDFYCGAHLIK
>negativo591,LTPTEHLAYEMY
>negativo592,NDHNKTIHIMNE
>negativo593,DHFFPAGEADQD
>negativo594,THSKVCYHLGVA
>negativo595,AAHDNVWHAFWG
>negativo596,HARYRYMCQLWI
>negativo597,YKVVCLNDKRVG
>negativo598,IVHPYTFPELRA
>negativo599,GIVIVGELIMVM
>negativo600,NFTYCTCNWCEF
>negativo601,NISDYWWQVAYV
>negativo602,QWCISYVSAWHG
>negativo603,YSHGPGCCAMWH
>negativo604,DHQNQYGDPMKQ
>negativo605,MRVLDCMMAEAQ
>negativo606,FFMWADFYCSFC
>negativo607,QLYMKWAPHDTN
>negativo608,FVVFFGKACSDV
>negativo609,MVKNSQKAVSTH
>negativo610,YMFTWIAIEYYP
>negativo611,HEWPEEAPSDGD
>negativo612,QISMNKHDPTFR
>negativo613,ENYCTCRNAAPA
>negativo614,FHSRTHVEAPKV
>negativo615,ASLYDGIPTDWV
>negativo616,VNKCQFKTNDRC
>negativo617,AACWRQGWHGDR
>negativo618,YKGENMPWARVY
>negativo619,ISAWHQLALEFL
>negativo620,SKHHKTETKINY
>negativo621,SKQICMCPCQMN
>negativo622,NVDTRPLKHGYQ
>negativo623,FPYNCKRFFAGF
>negativo624,CHKYCNVAVVWA
>negativo625,VCCEIDAQNGAE
>negativo626,HNSPMLPAWFCP
>negativo627,DWCWPLQPMKWY
>negativo628,QKIYWAAYPSSY
>negativo629,LCIDNYLHLKIL
>negativo630,TYWGVFIYCCPQ
>negativo631,AMKQSFGWLCMM
>negativo632,VVIQSNMGDNIY
>negativo633,ADAMEPEKEYRF
>negativo634,HEVYHACGRPEK
>negativo635,GIVCSPAHVCWC
>negativo636,QQWNFTASHWLM
>negativo637,QPDELAMYDAAP
>negativo638,HGGTVWDGKYWY
>negativo639,DAMCCPTGDDNF
>negativo640,LTHYPVIQWTEL
>negativo641,AFTLALYYLVKR
>negativo642,VRTFLCKIIGEK
>negativo643,EHHIFHKKRSEIK
>negativo644,GLNAHWSSKDFQW
>negativo645,TWINVCRPRGHFF
>negativo646,NMLTTHHQAWGAM
>negativo647,DHVRWGHKMGAFA
>negativo648,QHVYIRRCLRQGP
>negativo649,SINTLCISFHAHR
>negativo650,HWSACFCCDAVWV
>negativo651,LVCTKHLWHQYSR
>negativo652,ITSMLLACEHVKT
>negativo653,QTKPWPDSVSHHH
>negativo654,MSHIFCCEQLNYK
>negativo655,VSIQPFFNDAYNW
>negativo656,DGYDWYPREYCRF
>negativo657,PSCNIQPASPYPL
>negativo658,WMCTAQHVRMCGF
>negativo659,CIHLPDAQPVAAN
>negativo660,CFTNCNKGQNKEK
>negativo661,HGGEAGTAPCIDK
>negativo662,RRDAADIVRVQWQ
>negativo663,RWYVYHNEKMWDL
>negativo664,WKFAIHGQREDST
>negativo665,FFYIMKGNGRHDQ
>negativo666,IRYDFMRVNWCGY
>negativo667,TKHSRNQDSIHDM
>negativo668,EKDYCNACMMDSK
>negativo669,VRMCPKSAYRHVM
>negativo670,VMQNTLKWLMGDT
>negativo671,CLIPGTCTVHYWY
>negativo672,AEHKQRTQANLIS
>negativo673,GMQQRGCLVLVVA
>negativo674,RRQNMGMRPKSPW
>negativo675,TAHTHKDDKHRSM
>negativo676,PVSTVDFIGVHYT
>negativo677,YTCSNRMGDCIYF
>negativo678,LEADFQNGLFGQC
>negativo679,CYDAKMDMGYNNG
>negativo680,LAHICISHQCPNS
>negativo681,WRANHWLNYEVCW
>negativo682,DKKVESQDECADW
>negativo683,DFICLNIKLTKFV
>negativo684,QCLQAVRETRWHA
>negativo685,HCNHTHYLMSLER
>negativo686,YGWTLDMRYFYGV
>negativo687,MVPDIYKLDFWGM
>negativo688,GLDIHRYEMTCTV
>negativo689,NTQVSMNQVSNLR
>negativo690,LYVLMPPWMWNNA
>negativo691,FGQPKCIWHISML
>negativo692,EKNEPCLCELRVV
>negativo693,GRINKFPIAIFGY
>negativo694,WHLINFCMKMKQY
>negativo695,IEWARGQYYEDKL
>negativo696,IQDMREDPPGSGI
>negativo697,EQWIIDEGALSEE
>negativo698,NATWHGKMRAHQY
>negativo699,ACTLCCLGNFIGW
>negativo700,NSPTCAEKHSDMS
>negativo701,DSGGENVVCRNEI
>negativo702,QYTEGFTMTIERR
>negativo703,GTLNPAHSYQMFY
>negativo704,CLKISRYFFCYCT
>negativo705,PHALGRVRECSSN
>negativo706,WHEWQWIVDRVAT
>negativo707,FAENCQDYMLSGR
>negativo708,CHRKVYEIGPFCI
>negativo709,SRVCGRELVNTCN
>negativo710,HPRPPNTNAHCQM
>negativo711,EYCAELRCRGPPC
>negativo712,GEDPHPQTETIGL
>negativo713,TKFENGRHYLTII
>negativo714,FYQVMPNLVLINI
>negativo715,CNDEDCREVMHHG
>negativo716,SVEKPTIHGETPE
>negativo717,HYQKFADKCKICV
>negativo718,GTRSALCCQAVDS
>negativo719,CTFSLECFKWIYP
>negativo720,LQEWPDGAQVSHD
>negativo721,KDECCGMQMWSRA
>negativo722,QPIKGETITIAFY
>negativo723,QKTFWYEKKGQHQ
>negativo724,VGYASLIMLGLVY
>negativo725,NEALIRYDGTIQC
>negativo726,DAQWAKNRGFGFG
>negativo727,PKVMTFQSLEEKD
>negativo728,SQMRYSGTNWTWD
>negativo729,RDAPYRLCCDLVA
>negativo730,AQVLHGPFKECLT
>negativo731,VIGAENSAFLVKS
>negativo732,SKWKETRHLLESW
>negativo733,WYWNWINACFSKI
>negativo734,CECAVQSIDDRDQ
>negativo735,EDFLHQMLILKLN
>negativo736,HYCYDREKGPSGE
>negativo737,CIMLYWPLNCPLH
>negativo738,HLDHAIDYHGPGE
>negativo739,IAFLWCERCNTEL
>negativo740,QFPCKLVENDSPT
>negativo741,MVMCNEEHLCGRP
>negativo742,DHMEWAGDPDVLK
>negativo743,CENEHYKGMHIAD
>negativo744,NEHIQLRERPIWV
>negativo745,CVWHCHVQWYIRH
>negativo746,DCRFNAIIQRSPD
>negativo747,GEFFRDRARDPNE
>negativo748,YRSMPMGIGSFIH
>negativo749,CQAHEDKQTHIGC
>negativo750,SECNEMKTCHIPY
>negativo751,TMDHANQPWHWSA
>negativo752,WPKGRMPDRSQAC
>negativo753,QCGKSIFKCCMAY
>negativo754,VCNWVKVQMRDVY
>negativo755,FMFPQHSWKQWNG
>negativo756,MDGERGTVDNHGA
>negativo757,ICTLCGMLQDWAV
>negativo758,AYADECNNDCMSI
>negativo759,GESDMPIWQYYNC
>negativo760,PYLQAPHGGQARS
>negativo761,GVQMDENRQPYYF
>negativo762,QKTTHSHDSTNSA
>negativo763,IRNGQKERYADHC
>negativo764,LQLCDRMHYVEGE
>negativo765,DMQDGCIFHTADP
>negativo766,GVIYKYIINYHVR
>negativo767,SKKCYCDVEFTLW
>negativo768,MYLHMDLYECPDV
>negativo769,RWRIYPQTMQWWM
>negativo770,ENYGRGVKYRDMN
>negativo771,YTNMGSKVLQKVY
>negativo772,CTGHRHILWKHKS
>negativo773,HYMEPTVMCCEEM
>negativo774,DWLKCPTANQPDD
>negativo775,QCRHHPHNNCESG
>negativo776,LTMFDSSYPIWCA
>negativo777,CYTSHVGVEESQF
>negativo778,SEVGQNHYSFSAR
>negativo779,VRRTCGNCSTINM
>negativo780,ADTGTHRMNYFDA
>negativo781,PAHVGLKSFMWIN
>negativo782,FFKRNDPRPNMRD
>negativo783,SHISFPYGPAHAM
>negativo784,MIANQFDNKFVNT
>negativo785,GDIYKCSFIDPAT
>negativo786,ERWYQNYHPKIWG
>negativo787,YCCWWSYLPNNCM
>negativo788,GRKTEGVVGCLPH
>negativo789,FYFLAKPQKMAEP
>negativo790,CLETKMDPMSGPD
>negativo791,HWRHNVPREDNFE
>negativo792,PGMWTKYKQEGPG
>negativo793,WALCILFCNWGPF
>negativo794,SQELMMFIILMLM
>negativo795,AKLPVYWKLLFDC
>negativo796,YNAALEFGEREIC
>negativo797,KSPNAGGQDMELF
>negativo798,CWWIMCFPLQELR
>negativo799,DKHQRVHSRAIWH
>negativo800,NQGTGFSTYFNKE
>negativo801,ESGGDAFCGMAWY
>negativo802,LDLMAPKHTFSKQ
>negativo803,SVFRVGNMESKSW
>negativo804,QIMKWNNAAQRQW
>negativo805,IDMEITKKQDQPV
>negativo806,QCYRWMNVGWAWI
>negativo807,AVEEFLQRDWMGK
>negativo808,LCLYTSQDGRWDM
>negativo809,HFPSKQHCKPPNL
>negativo810,MLMQAYGAKNKPH
>negativo811,NCAEPLDFMAAWW
>negativo812,RYYGRAVFIANFQ
>negativo813,CWNKVSREKFTYH
>negativo814,DATYGSKGVTEGA
>negativo815,QRFTCGIQISIWV
>negativo816,FKSNEQSEVYRPV
>negativo817,YMNDTQSSIDEMH
>negativo818,NHQSCESGVLKCF
>negativo819,TKYMLHIMMRNKR
>negativo820,IWASPPIGDDCYF
>negativo821,KTMSEGINSFDPI
>negativo822,PQVKWDRETSDWV
>negativo823,AYFPYYVPLQDEG
>negativo824,IEQEVANTARCLT
>negativo825,NLQFYYFYDWRFP
>negativo826,MICDIGQEEHWSY
>negativo827,CPQRNMPKIVSFP
>negativo828,IDFIRHLGNTWYW
>negativo829,CVWIYDWLVCRCD
>negativo830,ECHQMDHCLQNAG
>negativo831,AFGRASSAKEAAQ
>negativo832,YQAPFDIEFWWDP
>negativo833,YWADDMHSNCVYY
>negativo834,DANHAWRPQEGVP
>negativo835,SMYIESYGLGLCG
>negativo836,LKMNHEDRLVGVY
>negativo837,HEHFKWPMWYVMC
>negativo838,VCLWFASLVKWLK
>negativo839,MADQLGRGSHKVD
>negativo840,LWHSDAVGWISFF
>negativo841,IPNEDDRQKMRPK
>negativo842,RVFWWFFMNFEEG
>negativo843,AQVRPLDWTRQWR
>negativo844,CLVKWLVPQTHDV
>negativo845,EDIPIHATIWNLA
>negativo846,QFYREQPTLENFK
>negativo847,EMAHRRWKVWMDL
>negativo848,QGLTEGEHWSLGH
>negativo849,RALWAACMRSNGN
>negativo850,GFNLFNYAWQKIE
>negativo851,IGRYMFHNWDTSM
>negativo852,DFQQEEQVRFNDL
>negativo853,SIKNFNDMHGCSY
>negativo854,CEIFFQVMDSSLD
>negativo855,QWSRDHRICPAMH
>negativo856,NSNVQRDKNDGNG
>negativo857,TETGYCPKWQILF
>negativo858,DWGYDVWECTFVQ
>negativo859,CLHTKATRRTWCQ
>negativo860,SAPIIFFCFRIDD
>negativo861,GPRTCNYTPMRLH
>negativo862,VIQRDPMPYFQTV
>negativo863,VHNSHWHHTSVNI
>negativo864,ISQSTIEITIIDK
>negativo865,NRPSMRIWYHPLI
>negativo866,EGNDLHKMPMVKF
>negativo867,HRVLYWMENPGNE
>negativo868,LCYWEDNRGGEFK
>negativo869,QKPWMRYTRMFEM
>negativo870,FIGRNWPYALRCM
>negativo871,QKLHDTRHHEDHC
>negativo872,NDRLSFAGLLIMF
>negativo873,LGAVKMGVEQKMF
>negativo874,IQFFNLRFNLPTP
>negativo875,QNNIGRRAVVYVH
>negativo876,FAKGWVHTLDWLY
>negativo877,EYSSGYDILRVTG
>negativo878,RWGCWKLVYVGMN
>negativo879,YAVVLKMGAKVLQ
>negativo880,FHIFIRLYHYFEF
>negativo881,RTGVGNRCCIKAH
>negativo882,RWQIFPITLNTIG
>negativo883,IIAKSTTCSMCMQ
>negativo884,AWPPRRSRAIVYP
>negativo885,HLEMHKALYCFRK
>negativo886,VNKIHANDFHTTT
>negativo887,VWFCCQCAWHQFN
>negativo888,GHYYDTPWSTAAC
>negativo889,PTVFLDMANQKTA
>negativo890,LCWRPHGDLQRLV
>negativo891,HVMSRFGQIDASH
>negativo892,WVAYHADEDINAM
>negativo893,FHGWFVDTGGNEV
>negativo894,LCGENVAAMFTVGI
>negativo895,LKHYTFTNNNMFGA
>negativo896,GPDHVVLVPDYHAI
>negativo897,MPQFLFMCPAYTLD
>negativo898,TQHYNYCHHLNYFT
>negativo899,HGGHHTHWQEQLTL
>negativo900,FIQMSTKCLWTRFF
>negativo901,QFNEEQNSQSRSTE
>negativo902,GQYNHTIPTAKMWI
>negativo903,MPLYWAMHNNYWNL
>negativo904,NWRLQNVFPEIVHK
>negativo905,MKNRSAIKKSQLPQ
>negativo906,NANQMWFNNSVKQT
>negativo907,SAQHWDPSAHDKPI
>negativo908,MWWLCKAHRDANRY
>negativo909,PVCRNIRTMVHQDM
>negativo910,VEMMGQDGRVARCM
>negativo911,WSEWWPYPSWTVQV
>negativo912,QQMKANRHNSMSAE
>negativo913,HFYQCDVLWMMIGK
>negativo914,TNGNKMTTGPHAHN
>negativo915,FGYSAEYQRKTFCH
>negativo916,DCRYYVRQVVAKLH
>negativo917,EAESFLGLGFECDE
>negativo918,FTATIRQFGYYKKA
>negativo919,NETVMLDDSWTYWP
>negativo920,PNCGDHARSDINVQ
>negativo921,QPCQQVQRTYLDFE
>negativo922,DWQGDSSLDLDPMH
>negativo923,FHRRDTTTGQQMHC
>negativo924,DMTSMCTIAEGLCH
>negativo925,QNYHMQARDTWKVP
>negativo926,RSDHPERRVPIATN
>negativo927,CASCNAHRMRNPEH
>negativo928,YYVFFKLEISLDPL
>negativo929,FVIFYLDNKVTPTW
>negativo930,DGISQHALWVWTQG
>negativo931,VHITTNQYCREEYT
>negativo932,SMAYEICRFSDWCL
>negativo933,EMDTDNVWGLTLMM
>negativo934,LDRICRVMQGGAVN
>negativo935,PKCTLVGQWQNTQM
>negativo936,HYYCIIKMVRDQPF
>negativo937,TRGLNNGIKRGLNN
>negativo938,GVQMGVDECGTIWK
>negativo939,SENGIGIHGNYNLN
>negativo940,FFQLPHVWPMSSEA
>negativo941,VTRHDQQKSLRFEG
>negativo942,QETTVHYRRIHKLD
>negativo943,KTGQMEKKRYNLFS
>negativo944,KNWAPHPQQQPWKY
>negativo945,SQKNLDNFRPCKFE
>negativo946,HQPSESWYQGSGDI
>negativo947,LAGEVVWICSGSAI
>negativo948,FMRICSYEMDACPG
>negativo949,HCWYWMMDDPQYCF
>negativo950,WLPQRFSVDIMRDH
>negativo951,YKCYRQEHEDKTES
>negativo952,IEDISNPNRENKNP
>negativo953,NDTKHVPSHREQML
>negativo954,AYWSCSKHDHDFGP
>negativo955,TQKALRLSFAISLT
>negativo956,LPDSLAMNIKVETH
>negativo957,TWGLDSIREMELHP
>negativo958,IMVIRYSPTCCSIG
>negativo959,QHFRESGHYFARED
>negativo960,SGRACLAHMDEWLS
>negativo961,KLMFIVQMFGEFMT
>negativo962,EGQAIWEACQRENT
>negativo963,SDLTQWRWPKNEFF
>negativo964,CFNSPHVWLWMGNQ
>negativo965,HPCRCEKIDMNADK
>negativo966,KTEPCLNKMQYKAF
>negativo967,CCSSYEAWNCDQFI
>negativo968,PWRICTPCVIIAYS
>negativo969,DWNIMAFDMPNHCH
>negativo970,HVYITAHYSQNVCI
>negativo971,KYAKHPWYQWASVI
>negativo972,NQRSTAIPPQFCAM
>negativo973,YQDTWEWERRSERH
>negativo974,RRHDIQPAMRPQMK
>negativo975,KANHWPQPVEYNVH
>negativo976,DTYDFFCDFHLPAR
>negativo977,RSPRPTECYTEGEC
>negativo978,LMGKELRSAAVWYW
>negativo979,WCYAFHSVLVKSYPP
>negativo980,FRFDLSLQCMKRKRP
>negativo981,NRDWFWAQCVSKQAL
>negativo982,CSKHEYYKSWKEMNC
>negativo983,CMEFPVWINCRESDM
>negativo984,GQVAEQTIIGSINPE
>negativo985,TEVVRTRNGRWYMTD
>negativo986,CLTDGCPYSVDPEGA
>negativo987,WYFYFQECFQDADSL
>negativo988,NECQATYAHMFSMQS
>negativo989,TWRNFQPTLQDTVII
>negativo990,VNTLWCDIDENCTDQ
>negativo991,WEDNYLPFVLMILVF
>negativo992,YRVGVENCRKADVSY
>negativo993,KLGFEEWTAMNHWLQ
>negativo994,FPVTNRGGSAFCSQL
>negativo995,RWAARACANENVVKN
>negativo996,KYERKRMTWTHSMGM
>negativo997,EIHCKVHTYGPCLHG
>negativo998,MTPGFWVLNQMNFPY
>negativo999,KIHRDVVHFNRRMAA
>negativo1000,AHCIMSYSNGMNAQT
>negativo1001,PLVVRYRKMCHHWVI
>negativo1002,KQKPLPTRSCWVGVL
>negativo1003,KACKSMTLFHGTFMF
>negativo1004,IHFRRKMPANHDCQC
>negativo1005,YKIPDICWLTGIVLT
>negativo1006,QLMDYLWLHVPFTDQ
>negativo1007,HPRNQKSGGQRYHSE
>negativo1008,YNQGGRGWVILDAHV
>negativo1009,MWYCTDGCDACVQAM
>negativo1010,MTVVNAKVQCKEVWQ
>negativo1011,YMNNNWWGLGDSEVH
>negativo1012,EGKSLVWLKAPHSIG
>negativo1013,IDVAQPSMVHYRYGM
>negativo1014,RKTMKWYAWEFTITT
>negativo1015,IDYPHQYRMVIGCMR
>negativo1016,ILAKLIKYYTQWGFK
>negativo1017,KWIRQNGKNNVMMID
>negativo1018,SNCILFKLDTLKQML
>negativo1019,KNTPDGGMHGIIAQE
>negativo1020,HYNSKGCGFWWHNPP
>negativo1021,EGSGCTCMSNLKNCP
>negativo1022,EQFACICCQGVQGFL
>negativo1023,ANTREAELAWDGPML
>negativo1024,AHFNPYVQTNDVACW
>negativo1025,PFFEVKDEMMGKLEV
>negativo1026,NWQCGPDGYEPGFSI
>negativo1027,RAEIMMLVMAAWYQD
>negativo1028,KYFRHQKAEGRNMSE
>negativo1029,HDWHLSQSCYLVTMH
>negativo1030,FPTSPHSYDFVVPLS
>negativo1031,RERWCVSTCYIYLPV
>negativo1032,YRMYRMQMWEEHFHI
>negativo1033,WPTRCDEPSCSFCEP
>negativo1034,TGFIEMSSSVFGKNQ
>negativo1035,LPTNIIQFYVKQASW
>negativo1036,WLESEFQIMCRTKSH
>negativo1037,NIYWLVNRFMDMDNM
>negativo1038,LNIWMCAHGDGCWSP
>negativo1039,CAVTHTPETRHIWWC
>negativo1040,HSHCPIAEAPMRVEF
>negativo1041,INQLKFPLTCCIEDT
>negativo1042,YLHFNRQWEPKSWGW
>negativo1043,QFVESSNCESSDICV
>negativo1044,WKWYCMNHKGLWEDN
>negativo1045,WPTMSIYTYPLDFQD
>negativo1046,WTNSLENNTAGATTK
>negativo1047,WYTVPEAFHIEYMAE
>negativo1048,GHDMEWLIYEQCSST
>negativo1049,AQCSHGVAVQRDQSG
>negativo1050,PYLMLAPKIRSWVIP
>negativo1051,YQREPISWFGARTEL
>negativo1052,DEWIATRDTNDYKVP
>negativo1053,QTTNPAEEGLHLQAD
>negativo1054,RVYDEVICDYKELNR
>negativo1055,PWKEMTNGANHDNMR
>negativo1056,ALAAYCKRYSMIWEY
>negativo1057,VPLCWNPDTFPQPWY
>negativo1058,NTFIKDLEMTGSDAC
>negativo1059,EIPRKLWKRRRWPRI
>negativo1060,AKKAIFDLIFVHYAN
>negativo1061,FPYPGENLANESCEP
>negativo1062,ITNDYKSRFLHWYQK
>negativo1063,STQYNKENIYIPGQK
>negativo1064,NFFMFHSNGALCAHF
>negativo1065,HSGRNHACDSYMIQQ
>negativo1066,FKDFYADLHGTSGNH
>negativo1067,NAEYQAPTNMEVYMY
>negativo1068,AGWEHDAFMYRFTAV
>negativo1069,HNHGMTACYMYHFGG
>negativo1070,EKKRPALDCQAKQSV
>negativo1071,KWHQDQTPGCHLQFI
>negativo1072,AFMEACQVPAQFAIL
>negativo1073,DTYRNIQFDMNRLVE
>negativo1074,KEIRCWQEYFFYPLW
>negativo1075,VREKCMRMAQCRLGA
>negativo1076,PPCCNLPKEEICNHI
>negativo1077,AKRVTSPPDTQSEMM
>negativo1078,HPAMEIWQSVVWQHG
>negativo1079,LCNEPNAKIAMQEIY
>negativo1080,SACPCTNPVTIRKPD
>negativo1081,HLWQPKHRWKLQSSY
>negativo1082,IIGKTKTNSLTYHFF
>negativo1083,PHGNWIIEWTVQDGE
>negativo1084,RIHNKWQGGTLPYNY
>negativo1085,SCMHLGKRSCTYKDF
>negativo1086,VCSLDSGWIQGFTSY
>negativo1087,QECPRALMITDGYNR
>negativo1088,ILRFFYMATNRDCET
>negativo1089,YMESVDFDAHSNHAH
>negativo1090,CELWESNKCDMGGIL
>negativo1091,GSMNWHIPFIMCQST
>negativo1092,SFGTHACYEHIACVQ
>negativo1093,PMSASRRTVHNYHYP
>negativo1094,VRAWLHDEGAYKNTM
>negativo1095,MKKNMKQDYQMGGGH
>negativo1096,KYRNCEVGTWWRDFG
>negativo1097,VITCAIHENLITCEN
>negativo1098,ELNGYCCHDWMASDL
>negativo1099,QLVNQHGSHATGPNI
>negativo1100,GERWAGLQYQGPFVW
>negativo1101,RVGDMTDTNDMWMHC
>negativo1102,CMWDPGPNAYFPVLV
>negativo1103,KSKAYLKSKHRGCTI
>negativo1104,RHPYNACKPQTVLMS
>negativo1105,LWTSIYSNVRMPCKY
>negativo1106,DVGQWSEVCRDPYTL
>negativo1107,HPFEETGYTDQCWDK
>negativo1108,SFHLVFVLFCHLYNI
>negativo1109,RRAFWDQSFQFAKDR
>negativo1110,SERAWGLLCIWFVCW
>negativo1111,VHHFNLAVSPPNQQK
>negativo1112,ETSEREKGNHIGAVF
>negativo1113,CFYRRDFIGQDPRGE
>negativo1114,PFTEPAMWIPWMYFN
>negativo1115,MHAGANEYPTCYEAP
>negativo1116,AIMIGLWLTLMREPE
>negativo1117,MTVAGAPLGHLEFLT
>negativo1118,PIMIIWQKDYVDDIK
>negativo1119,ILQESSQQVSEYNFS
>negativo1120,LDQMNQVGVDFGRLE
>negativo1121,VRLVMHWDLLDQRLP
>negativo1122,RNYQNQKEYQSLKCP
>negativo1123,AATRTWFRPQKWWEP
>negativo1124,KDRRTQVVKQQLVGQ
>negativo1125,MLDIIERLEKERQEY
>negativo1126,KASQVPYRFMVRFVL
>negativo1127,IWNSSCITQNEAIKM
>negativo1128,DHWKQPYERTYDQHG
>negativo1129,EQLRQSYVELQRQFT
>negativo1130,IPTQVKSGLHTCCTD
>negativo1131,NPDPVYSKHFWSPSV
>negativo1132,HTTVHWICVNPHVFR
>negativo1133,IRGQRTWDTITYFFG
>negativo1134,GSIMRHRTAQNRRSN
>negativo1135,HSCLVPLHFWSVWGF
>negativo1136,WTKEWYTGSQVMTVK
>negativo1137,STMNVYSFNTAQQWA
>negativo1138,CGVYILIDFGKLDFI
>negativo1139,GDIEIAGWNDYWKQW
>negativo1140,ELLHGVQPFWPKALF
>negativo1141,SVACKPGIDPPIKLH
>negativo1142,TNWKRCWNPQSFYDH
>negativo1143,RVPWNWLLLGMFMFK
>negativo1144,LVLMHWNQIQHLLAW
>negativo1145,TESPQLGLWYWKFPI
>negativo1146,WTREGEIGHSTPRRP
>negativo1147,WFMADTQNKGCVKDQ
>negativo1148,WEREPSNYCLCSVLH
>negativo1149,CEWWWRQPHCNKPQP
>negativo1150,CPWWCCWEQVCPIFA
>negativo1151,DDHAWIANLDGQVDN
>negativo1152,EWVSCDMRQQPNKPI
>negativo1153,VYFFHGRRIDEPEEP
>negativo1154,FGGIGLQTDSFMQFA
>negativo1155,EIMGIDNLMHGQANW
>negativo1156,QCQKPEPHTVWVWLW
>negativo1157,QDAASQTPRMTKTYT
>negativo1158,AHDYGWLYPLKWQTR
>negativo1159,MRYTSHWTWENWPSS
>negativo1160,CKVMWWWIFPFDHST
>negativo1161,EDMYDSYTPWYPIGM
>negativo1162,IHRISAANEETPTLV
>negativo1163,YENSHDSSSGEGTMM
>negativo1164,HLSTWVAFHYYAQSH
>negativo1165,VVYTNGKWGIPQLNF
>negativo1166,NRDLDDHEAPTTYYE
>negativo1167,ETSNALMWGYRFWVD
>negativo1168,EQWFLGWGPSHAGYI
>negativo1169,SGTQHGWLMLDGHEA
>negativo1170,FDRDGTLKMMNKSTQ
>negativo1171,FQARFQPFMDVGHEE
>negativo1172,QFAMETMVSEVFWAT
>negativo1173,FKHQFIYNASVYYPT
>negativo1174,QEGYVNQGWGLQLGP
>negativo1175,FRVDALSQLSAVVHR
>negativo1176,EELKGMPQGLEMDTF
>negativo1177,DPLPMHKAFCFSAYS
>negativo1178,MYVNQRMNYADAVCG
>negativo1179,CRFVVNGPDKSPLAY
>negativo1180,CKQNTQGSMHLRWGL
>negativo1181,GDNHYPWTSWAYGYP
>negativo1182,PKQWHIMPKDEYPMQ
>negativo1183,NKIFKSYFIAHREKW
>negativo1184,MVYEARIGPIYWPDP
>negativo1185,HAVLMELMMPRTDTC
>negativo1186,KKEDLCMKVTYCVYL
>negativo1187,CCSMILVGLHCKQQC
>negativo1188,NATPMVCFLRQCWDK
>negativo1189,SFPERVCVKRAPTQG
>negativo1190,LNAMEPEPNRSEDAH
>negativo1191,LELHQDACPKTPHEH
>negativo1192,SWCLQWALPVFLFMY
>negativo1193,ISLRRFKNHTLCFRK
>negativo1194,SEIHCRHATFKAAAL
>negativo1195,GKKQSSFASQQLTSD
>negativo1196,DKGMPGAAEVLMCPP
>negativo1197,QGGFHSFRVASPHPY
>negativo1198,GYRGKDDEGHCNQHA
>negativo1199,YCRKCYATIEQMMIA
>negativo1200,VYAGVWDHKGTGNTS
>negativo1201,DMNHTHVKEYWAGNN
>negativo1202,GGAFGLAVGFYCDHE
>negativo1203,EAIRHDFEEKTRIPW
>negativo1204,PGDTNLENRPLQTGV
>negativo1205,CHNVTPRCAAPNSAS
>negativo1206,GLPHPYWPCGQLSCP
>negativo1207,RTQVGPRCFYWDSAL
>negativo1208,AGYPQLYICASCTMF
>negativo1209,KSCAQECKKQMLHFT
>negativo1210,NFIYYWAEADVNYNY
>negativo1211,NNGRLCLIANLEPWS
>negativo1212,YYFYKYHLGCCEKTD
>negativo1213,EGRTFCYIAEVWMCQ
>negativo1214,TSSDCDECYQNSAYM
>negativo1215,FTAPERMDKLVVVMF
>negativo1216,NQQWHGRLTGHSDPG
>negativo1217,ITAMWGTDDDKHCFG
>negativo1218,MMKMVGFLFWWYPHL
>negativo1219,KDAKECSERNAVVNT
>negativo1220,YEVMQEMWDKTHCAV
>negativo1221,DPSNVMINDLAQHEY
>negativo1222,CNNCESWWPIVFYYF
>negativo1223,AGDPHVGSYMHEMTQ
>negativo1224,CRVSNLHAMDFTHNY
>negativo1225,QKVKDAHWVDLLFMA
>negativo1226,QHGFNWLHNIAHPFV
>negativo1227,TMCQHDSNCWQHIKF
>negativo1228,ECANFPTCKEPIWFS
>negativo1229,DKNCHAWNCEEFPIC
>negativo1230,CSHHLLNGQWHHLPY
>negativo1231,RRVHVHPRYTHIKAQ
>negativo1232,ETRFHIEAGPKVPSH
>negativo1233,VEIEIYARMCWVDCS
>negativo1234,KWDTMPDVVRSQNMV
>negativo1235,VKFPRIVKYAQCNDC
>negativo1236,RTLMWQFWNGDAGFK
>negativo1237,ALQTKIHPGVGAKDN
>negativo1238,VSWSQVDSVNNNFWM
>negativo1239,GTDNIRKEVCWEKLN
>negativo1240,INFPRMTCWPVGWFR
>negativo1241,VNPMGIAIVFTITDT
>negativo1242,IEFKWKVWVHSSLQID
>negativo1243,PFFRTTSRSNYKIRIC
>negativo1244,HWGYCLLFHTFRWRTQ
>negativo1245,DQVQPMVHRTMEGDWE
>negativo1246,NQYNTHPYLMEKQSNW
>negativo1247,PNKNKPNGALEGYFQF
>negativo1248,LAVNYQDTTRNNAYSS
>negativo1249,ALQINWVTFYATELCC
>negativo1250,FYGTFSGNTDSEGAMM
>negativo1251,VKFMIRFKVRSRDDFA
>negativo1252,CKGCHRWCPDETSWWM
>negativo1253,MCMDWEDMRAILVANP
>negativo1254,SDEHIMKNQSVHSKKG
>negativo1255,SAVHGRDERILIDLPK
>negativo1256,YKERGQEIICSYHNHS
>negativo1257,MHSRNAQMCMSCDFNW
>negativo1258,YSEITECQYEADFTQI
>negativo1259,ALQCGVVTTWWWACRT
>negativo1260,DCTQNPLIIGIMTWRW
>negativo1261,ACPPGFCFGTHVMHDA
>negativo1262,GDPYLTCMAESPFTNT
>negativo1263,DFPRSRNPPMVEYVPT
>negativo1264,YKDGAFMPVDVWGFVG
>negativo1265,MWIEEHAHQQIEYWAM
>negativo1266,DCTCMGRHNHFPKMGH
>negativo1267,VEEMGPAPLELNYVAM
>negativo1268,GVYTIQPWKWRMTFRD
>negativo1269,GFSMGKITLRYKWMCG
>negativo1270,SQIKNYLSRLHARIWT
>negativo1271,KCKVMSSCMWAFYWLE
>negativo1272,VKTRPNNNHYKPVPCH
>negativo1273,LRSFAWVMRSYYYFSH
>negativo1274,HWVTWKALEFHQASTK
>negativo1275,KSQYRPWPGSLRSCHL
>negativo1276,TFAIEMSSQMLPDWVK
>negativo1277,FRNIWGESAVMTSHMF
>negativo1278,IVWGLHDVYCMVNCKMM
>negativo1279,SASTIAWPTGQDMPCVG
>negativo1280,LVYWFKPAHEVGQERVR
>negativo1281,GNYERIMMWMTCYKVWY
>negativo1282,PWIHREYSFFNGPMNTQ
>negativo1283,CDKSVAEQNTPDSKRKP
>negativo1284,IDKATLRDMNEQYSTPN
>negativo1285,MKPWYRPQAEFDKIYFA
>negativo1286,DAPSDLYWSAGNRKLVC
>negativo1287,IFPLSWTGMLPTVDKAS
>negativo1288,MKVPLDKHSFFCCGQTR
>negativo1289,VSQAFPNTHPFRYSRVY
>negativo1290,FRALFYMRRKSPLHHPW
>negativo1291,MGLLHQFEIHLQFRWAK
>negativo1292,AIADYNTTKWRQKYNSF
>negativo1293,VLNLYKAHQDVESWMNV
>negativo1294,KFHNMPEFDYYRTYDNW
>negativo1295,SGRAVDTHPVEIGPDVN
>negativo1296,PGRWWWWKEGNGPMGIQ
>negativo1297,DVVFKMMEKDTRMDDVL
>negativo1298,PIDDIRFAHCIPHCRNH
>negativo1299,HQGFPCQALMVYFSLAE
>negativo1300,LWMDWPWSMPVVFEWPY
>negativo1301,GEWDKIVFNKWTETSHC
>negativo1302,CAPHGSQIFEESDCWHQ
>negativo1303,TWVYWDMHYRDDNYCGS
>negativo1304,NCKKPGIWWYCENFWQL
>negativo1305,LTGPPDDPNDYMTSNEI
>negativo1306,PWPYNQQVGTTRSNFAN
>negativo1307,YDSLLMCDLVHSPSAFA
>negativo1308,EKSYKQQNAVWPGIYSP
>negativo1309,AYPICLGKQGRREACEW
>negativo1310,FCKTWVPNTADRNQSDV
>negativo1311,GRTFCPGFMLDLHMPMW
>negativo1312,VWWSILIPCNQTYLWQQ
>negativo1313,VYLPPAWSPAHYHVHPE
>negativo1314,MAVSFQPRKLCICYHFI
>negativo1315,VCDSQIGTHGTCRKRST
>negativo1316,DTCICADHHRNEIQMTK
>negativo1317,YNKCCLYKHYFPSVKLW
>negativo1318,DCRAPWHGRFIRSWNSE
>negativo1319,YFCRWRTWFKGCKVDVG
>negativo1320,WHVLVPKTNVAYTFTKW
>negativo1321,WFTANFFELIPFQIYKE
>negativo1322,DYGPIKDHPLRRCNDID
>negativo1323,QPCKYAIQCSETNGDLI
>negativo1324,NRNKWFDSHGGHYNMMH
>negativo1325,FIEKQTLAMVEVWPMNW
>negativo1326,SNLMKYDLCLVNLGHGP
>negativo1327,HAAPESMCTKKPRIQQF
>negativo1328,KRIWTFPKLASKMDTAD
>negativo1329,RKIFYGCPFIIECCIRK
>negativo1330,KMTHKQRHIAQGRYSMF
>negativo1331,WSKENEQTCSKQAESTAK
>negativo1332,MRFYSKHCQMMNNLLMGQ
>negativo1333,IENIWNRYTKKILRKWHC
>negativo1334,KCNFDRFELVCPRCFWKW
>negativo1335,IQVLTPSYHEHDETCRHD
>negativo1336,EYMNPETLPYMINYFLSD
>negativo1337,KHMSQPYYWIVLNRTDDV
>negativo1338,QAFIWRMNHKALFDFDRW
>negativo1339,TMRNVIYELVNCNTFENE
>negativo1340,KIVQWFKKYLYQCQADWL
>negativo1341,TKNCQHRIFGDITNAQVM
>negativo1342,DKGMCESMMYDWACSRNM
>negativo1343,VWRNYYRELDQDTRFTAT
>negativo1344,DLKLDARQHITWHNFYRD
>negativo1345,RECAPPQPMMRHPCCDNV
>negativo1346,FFTFWNKKAANNTPDEFA
>negativo1347,MKWAAQFHFTDKSALHRA
>negativo1348,WKFYNNIVSNEENCKTIY
>negativo1349,TKVGDGKAPVNWHESQLY
>negativo1350,YCDKDAARKSDNLDFVVP
>negativo1351,FPQLNQFPGHSQFPFFND
>negativo1352,IPFHSVQEEAIHDAHPQF
>negativo1353,NDVWNKRWWTSVQSDPNK
>negativo1354,KRKCMEDFINNIWYNQAG
>negativo1355,SILPQAFFTLDCDYSCNG
>negativo1356,PERSWFAGGIKWTYHTND
>negativo1357,HTSSQTTSGGIDFPNTLS
>negativo1358,SVRGRWKQELMAVVWWEE
>negativo1359,IHNACWAGCYSYYCVRHW
>negativo1360,NGAREQPQIHNSIGLVNQ
>negativo1361,QCMWCETYCQEERNNPTN
>negativo1362,CVCEDFTRYHFQFEFYHS
>negativo1363,CCSIRDANVKFDEYPRDY
>negativo1364,IANQSQNNNWHVVWTTIT
>negativo1365,PLIDDKFRYMMNQWRFCN
>negativo1366,EDPPFMLSIHFYWGYLQH
>negativo1367,KNEPVNPQKKRKEKMRGC
>negativo1368,YDEVEDVLTPPVCIEEWR
>negativo1369,TGNAKIHCRLHSSLHDQF
>negativo1370,WVAIVPDMYDVLHFVDRD
>negativo1371,QLWRQWFEGHQRADNPQN
>negativo1372,QDNMGDGFLTAWKHWGAS
>negativo1373,RYEPDWKMFKFVKINIGK
>negativo1374,RDIHSCMFITACEIEEGQ
>negativo1375,RIQHCVGLMMIFWLVPEE
>negativo1376,NPWMLHSVCANSGETWWR
>negativo1377,ILEVEWQCTWDAFAVFPH
>negativo1378,CSVNASASWKEIHGMFGC
>negativo1379,VDMSNDASQAWHSTRMQF
>negativo1380,RIMEIRGVTGKYYKPEQG
>negativo1381,FGTAMSEHITRTWDMPVT
>negativo1382,VHRCYCSHWLNFNTLLEH
>negativo1383,VAWTAGYCITSPMVLSMS
>negativo1384,QSGTLWWHEIINKYPGCF
>negativo1385,SCHESWGENKFFIMLYAQ
>negativo1386,YSVFIYKLCMVHKWCRRQ
>negativo1387,LFEWCTLEEHYIAIQERM
>negativo1388,TLQVVQQRQGEHMYEPPA
>negativo1389,FFWSGAYAWCTMAKTHTY
>negativo1390,HENFTQIRQWKVWDLNTR
>negativo1391,MISMEQYAGSYWCELFFK
>negativo1392,PKVHDRFNKENQNRNRAP
>negativo1393,VDLPSYWCIMWVNHAHVA
>negativo1394,PNVKLRRWGQITIANSLF
>negativo1395,VLVSILETTCRWINNWCL
>negativo1396,LFPPRCSPWNLWPMTHVP
>negativo1397,SADNQVMIKQSLERQTWH
>negativo1398,ANLQQAKTFALPNFDNGY
>negativo1399,WNVKMFLAPVDLSRWLLL
>negativo1400,LTNKMIQVMMFMWGEPAE
>negativo1401,HHYAAFQLTSTKRSKGNC
>negativo1402,HEISTWVFWLFQRGMCHQ
>negativo1403,LADAPSVEFRCSWGASWA
>negativo1404,DYNCWECCIQSIIHHENV
>negativo1405,ISPIFFMYMIVMSFFHSA
>negativo1406,FCSDSGDRCMKKEWRHSN
>negativo1407,RQCDMMETKGHEQFLKYP
>negativo1408,MCGSNSPPPAGYACTEAL
>negativo1409,CFISPRHVANQCSELGGL
>negativo1410,LRMEPRIDFPQVRRQKSY
>negativo1411,GGPDQSLLQPVCKWSLVY
>negativo1412,HKSGHDHHNWEWHHLWKL
>negativo1413,WCGEMSPWPMRWYDITAQ
>negativo1414,GFLHRPRRYTHTMWYVSA
>negativo1415,IAMMFSDEWCHPWRHLMH
>negativo1416,YNPYVQSFMKVGLLWIVG
>negativo1417,GQYRYPYALACYNSCRQL
>negativo1418,PDWGHPDKHPGKSQTFSE
>negativo1419,RPSKHPWMHSYKFASLVT
>negativo1420,SVMILNGSGLIIDDPIHM
>negativo1421,ISNRLHVIMRENFQDWEM
>negativo1422,WWLWEIWGERFYNDHAWV
>negativo1423,VEYCRVMSHGRGCTIGSI
>negativo1424,HEQRTNQVCRMISYLESY
>negativo1425,PSQFNNSVFRALNLLLKN
>negativo1426,PIISQKERFQQVASPYWW
>negativo1427,MRRQLMIERGPKRMFWDP
>negativo1428,WIHDQQPTHSLIDPSKLT
>negativo1429,RLECGNHLPNTYQIVNTQ
>negativo1430,SFIVLTSMWDSIQLGLAI
>negativo1431,DSRPWEHGCWGYRGKHMQ
>negativo1432,YHELEYPFAEWTHAARKR
>negativo1433,IQCACWFWPFENHPGHDR
>negativo1434,KECVFGWRACAVVLVNFA
>negativo1435,VYNSFGPDDLNNWQEFYG
>negativo1436,LVYVVQAVYELHCKPLNG
>negativo1437,CAAEQDDYISDYSYIMRT
>negativo1438,YAHEIVWREEARIIILWI
>negativo1439,SHWRVDATFNGMFLYFHC
>negativo1440,DFFAFNIIWGYQPHWKVC
>negativo1441,AYSLHCGNKDSIYRFQAG
>negativo1442,NFNPNKIKTGDFCFIHND
>negativo1443,IKGMVDHNNEVLLIDYHT
>negativo1444,INFNEQPTRERPKFYFAK
>negativo1445,GEMRQFGDCHDPRRGINH
>negativo1446,VSQDWMLWHCPILLWCCL
>negativo1447,TPPYAVYQPWCQHPPRLT
>negativo1448,YMKTILGTTWHPHKDLET
>negativo1449,MDKWSGNPPPFSNHCDYV
>negativo1450,RTYQGWTGKCKSEGDCAQ
>negativo1451,WIECVLMHVFYGVALGKY
>negativo1452,LYYSRTYAGQKCLLKQTS
>negativo1453,CPGKKMWMISTEGTADWR
>negativo1454,PWPSFEMFTKGQGCRYYA
>negativo1455,YQDAHCEDILKEMLTANP
>negativo1456,VTPVCQDCAQMDGLMGQC
>negativo1457,DSTQCMSVPSMAWRQVNV
>negativo1458,VCAGTGCMPQYRWKLAIS
>negativo1459,RSQNKIDCYYVLPVATHY
>negativo1460,DYRNHAMHKTPQYEGWWV
>negativo1461,TETPADHKNRMFWEGMCM
>negativo1462,QYINEFSLGDLWIQVLNI
>negativo1463,AQQVLKCHSQTNNVKSDN
>negativo1464,RKHTVMPTWMWCMVSGWY
>negativo1465,VKGTSSPLNHFEFKAQVY
>negativo1466,RNAVSYEHAMALDTSHCG
>negativo1467,NRGCIQTLWMDSVINPST
>negativo1468,MCHERCQKKFNACLWTEA
>negativo1469,KDLNGRYVFHCGSHTGSF
>negativo1470,PCGEYCGGLYVYQYEWLI
>negativo1471,NTMHKLNFCVTLIKFHGS
>negativo1472,LNAAFSLFQSWCKWRQNG
>negativo1473,QHECHRLCTSDPNHVTSP
>negativo1474,RFHFQEGPQGDWLINLPK
>negativo1475,EFKHPCWTGDIPPDQNDT
>negativo1476,AWIIPHQRYGQCSEVYQF
>negativo1477,RCTMHSAAQDGWHGQMGQ
>negativo1478,GRPTVWRNSLFNCCWFYC
>negativo1479,NQRPFDSENMICSDVLLR
>negativo1480,EGQHENCGNDKHFCDSEL
>negativo1481,RELAGKNLYRCTGPDFHR
>negativo1482,NHPPQRNLYTQRGDFDES
>negativo1483,TLLITSPNIKDSCTHEEG
>negativo1484,SINKEFLFCNTLQQTGDF
>negativo1485,LFTTTSCCKHWCKKAGSR
>negativo1486,DACNLMTKNCVDAMMRHD
>negativo1487,CWQSRTTTGAMNMRQPLT
>negativo1488,RWKTLWDCEGLPDGMQNV
>negativo1489,CVNLFSKDSNGYHMERYE
>negativo1490,SMSVMDPRMALFVYDQKT
>negativo1491,DEPKPCNIWYMEGRVACM
>negativo1492,DCTEVLNFGMLFTDMCVE
>negativo1493,ECMSIGVGVIWRSEQARM
>negativo1494,MGPISKHMDKKQIMGAGK
>negativo1495,YQVDGCANHVISDTTWME
>negativo1496,YFFACICIHEALSFNTID
>negativo1497,QYPECSKMANDQRVYCRS
>negativo1498,MHLGVGIMKAKTIQACHR
>negativo1499,NGMRDWNTIVWAGECPPQ
>negativo1500,MAEATWESERYRCLDRSA
>negativo1501,SSGDDRPFGKKGDVNNYG
>negativo1502,RGVTARWRMTVIHVGECP
>negativo1503,HAIVGHIFQDMPDIHTTI
>negativo1504,TSASHWSEKYRDKDGNAR
>negativo1505,EIFWFGQRLIETRHLTEY
>negativo1506,KLNEVNQEWIRKIWMPYP
>negativo1507,NTHYQERRLQGAWLMCCH
>negativo1508,YWAAMWWAQNHVDQVIVG
>negativo1509,LFIMEDPHMMKEQKDRWP
>negativo1510,WNPSWHQVSDKDNRDEQC
>negativo1511,LECLCIHMAIDDHIGDAS
>negativo1512,YVFNEWWYEWAFKCDFKW
>negativo1513,HEFFGERQDFFMQYGDMC
>negativo1514,PQTQANHRVFGGNCCFDW
>negativo1515,DCTEQGEQCEDAVHPANR
>negativo1516,DPLIRWTHNQKHMDARCV
>negativo1517,YKIVTEWTSYFTRMQDIH
>negativo1518,MYSDSMRMDKTLHNDPFI
>negativo1519,FACIPTHFPWFRECWYVN
>negativo1520,PRSPRRYYWWTYEDVWGG
>negativo1521,CKFLYNTEQRITADLPEQ
>negativo1522,EINGIIEPMQVKIRKWFT
>negativo1523,PYVCMCGDFDTAKMCSWK
>negativo1524,LATRMRNGSQPREKTLCD
>negativo1525,FCQSIDKKPTDAWCSKHC
>negativo1526,NEMAFLGTFNPWNMIYYT
>negativo1527,WHSMQQMWDQRMMTFWYY
>negativo1528,NHRNEFTQIEHSFDRTTG
>negativo1529,LWYIGCSKFRSGDQGHMD
>negativo1530,PTYQEADFMQVCFAMDPE
>negativo1531,LDKMASKPWYKCLEMDES
>negativo1532,FLHGNAVVCAMGKDNPAQ
>negativo1533,FRCAEPYEPYIQVHHNTA
>negativo1534,RKCDHVANDCQITDAIEW
>negativo1535,IPDACWANCIGMLPFVEV
>negativo1536,LSNETPSEGGSHYKECPL
>negativo1537,KGGQLQRDGWWIRVHWRK
>negativo1538,WIHPPTGQSIEIQEKCRD
>negativo1539,HFEPLEYAPVQMNPAGEI
>negativo1540,GCIFRSYMTRVCTTTDPF
>negativo1541,TANRIQSTDIWVPEHWPS
>negativo1542,TYCRIVPPDYRHPGWTWS
>negativo1543,SRNDHTSMVQQDSKRAMD
>negativo1544,ANIDSQCTNCFMESDDQMS
>negativo1545,QTILETEYYECCELTNLLR
>negativo1546,ADKKKSQDVVEDRDFMADM
>negativo1547,ADIYQQQVGIIYHDDNRAK
>negativo1548,GQEREYVKTAAMHYYSALG
>negativo1549,GMTTKANMPQLEGPQMGPS
>negativo1550,DGFEDRQIAAWQVFRKGLC
>negativo1551,PGDFVHDMAHYCADNKTVP
>negativo1552,YQHVLDFFTLIFCWHSKYL
>negativo1553,ILEDKIMEQANNCETKYIG
>negativo1554,GEEPTQSSQWYLYCERQQG
>negativo1555,SRYESDRPGRYRVCNHVEN
>negativo1556,RWPDGLPHSKGYHMGWARE
>negativo1557,WVAEFHMMNMFPAVRQAYW
>negativo1558,ANKCTTLSPTFKHTPIFNS
>negativo1559,LMDNFCENFWYQEPSHPTD
>negativo1560,WTVTFMQRYFSHNVNEPIV
>negativo1561,LNDQEQLWKPIRYNDPARS
>negativo1562,GAAYDKWRIEYKSGMYDDQ
>negativo1563,AGHYQIEFRQDNHLSIYHH
>negativo1564,CNQWENMNIKKEIELWYDF
>negativo1565,ECCVVFRVPKFVSHALNPF
>negativo1566,WHPNQNDNVAHWPIYTHPG
>negativo1567,QHILSRLCSAQMIDCEVAE
>negativo1568,DYDNEDMMDPFMISDIPFQ
>negativo1569,MPYQHGDMRVCVHVAKILH
>negativo1570,WHFSLFNKMWRKRQRDSHF
>negativo1571,NWSICAYYETMECAATFMQ
>negativo1572,SPVSDDELKWDMCCCHLTE
>negativo1573,NYQQAVDINYRGDQTPLAP
>negativo1574,KLWMKRSRVSWFDRPYDLT
>negativo1575,DGLWRIFSGYPTDWVDHAM
>negativo1576,VYNHCNMPHYYAVGEAHQD
>negativo1577,FTKIMYSNQPSCFQKYVIL
>negativo1578,WHPPWDAHMGDGYDTWEYD
>negativo1579,VYNFCFGNAHFDTDFWETW
>negativo1580,DMAFVYIAWKWDDLWSQVQ
>negativo1581,HSRRLNDIDIMPRTSPGAT
>negativo1582,EQKNGTEWLGMNGFWKHLP
>negativo1583,QETHWVFCNTGHMYSAPII
>negativo1584,HWDIFFMFGKNLAYCIGRH
>negativo1585,IWSYKVKHQFLVSSQNHVN
>negativo1586,FDFGMRPLVSMMYKTRWYN
>negativo1587,DTQTMVASFVTTWNFVFYV
>negativo1588,SRTTRFKPGMYRLYWFKPM
>negativo1589,IKIYPQIPARYYVPYMPLI
>negativo1590,PSQTPCVETCVPPEGGVAR
>negativo1591,VSFYTDSAEIWSCYGEGAI
>negativo1592,HPVYRATGVSLHMENGEQY
>negativo1593,GTNDYEHIQPQNDKCVEKV
>negativo1594,STTVTLHKQGNACVRTALI
>negativo1595,AWHKQRRNVHNFRYYFDMM
>negativo1596,ARQRQTLTFSKECINCGED
>negativo1597,REPRCQPPANWGPGNFVHK
>negativo1598,GLFLQFWKIKDCQGHSLVV
>negativo1599,AESPAFNEHYLAYRMIKVF
>negativo1600,DFWRHQGTTHPMECMKEFG
>negativo1601,GIHVMMAHGISTMTSRKLL
>negativo1602,VVGQLPCKQEGSEEAFKRS
>negativo1603,WYAHVQEAVGDKLAKDDWN
>negativo1604,SCFTRECHPGLPDIFPPRK
>negativo1605,MRNNTMTNMIISEEPKESI
>negativo1606,PMFWRLRFQLRLTPIWTSW
>negativo1607,AMPISPQQYINVTLTFYQG
>negativo1608,QRACAWCHTRFRSLFECKW
>negativo1609,VYPRFRIHVWAPYAPHEFD
>negativo1610,KKHLCYTGSQQGYASPNWK
>negativo1611,NHAKCISGMLKSPVLMIQC
>negativo1612,CCTPFYRNVIYIVGAPMFS
>negativo1613,AVGEPYTMDVNTGDNVKLI
>negativo1614,FHTREQEEAPCQANGPLMR
>negativo1615,VHFAALDMPRMHWHAADMK
>negativo1616,WYHRQNWHIHAQCQWMFHM
>negativo1617,FTIWMTIPDLRCKCPLEHE
>negativo1618,TESKQWTMCMENFLMGHRM
>negativo1619,RCTVMQLCYSDYCSFAAFY
>negativo1620,EPSSKEMHLSVRAMGYAKAS
>negativo1621,TSDAYSLITHSMNMRPANEV
>negativo1622,EGAKNKARDYIYEQTECWVC
>negativo1623,RVVWGMCSIDATQWRHVWKA
>negativo1624,REPYMSYSIKILCKEMGWEP
>negativo1625,AHYIGVQRQGMADRWVMWPI
>negativo1626,QVMHLCLIYAVMAVDTPILF
>negativo1627,PCMIFRRDWGCPQHAMMLGK
>negativo1628,LEDWNIIVEITLCWAKSLVK
>negativo1629,EPYKRTNMCDCYEYSAPHSL
>negativo1630,DPCHWHYCIRDIHQNHYFWK
>negativo1631,ATWHHCMRNPEMCNMDFCYP
>negativo1632,GVHKVFLVGGTCSCYSESSN
>negativo1633,IIGVVWHWKYCKFGNIESLV
>negativo1634,SYHADGNLHTDTQYIVRDKR
>negativo1635,CTKCQALQPNAYHEVVQMAD
>negativo1636,ADCNYEWPHQQCVGLGRTGD
>negativo1637,VGGCNGTTPLKFATSHRNQN
>negativo1638,YASMHICADDASTVNCRMEC
>negativo1639,FRCQRKTHVWDYHIHFCAQG
>negativo1640,DIRLLSLKVDFCLKGCAHEG
>negativo1641,MHPSGETAPVFDWVQRVFNY
>negativo1642,KTFMLVSHYEASGNEKNQHR
>negativo1643,THCEWGRHGKIDLSPDEHAN
>negativo1644,ALLDLVTSDITHPCLECKMH
>negativo1645,FSNLLSCYLLQDWNVGVTWR
>negativo1646,EVAKRAETRSKLMMELLFDL
>negativo1647,HPDEGIRITTEGCYCMMMVP
>negativo1648,QHMRGKDNLKVNVCVFRCPY
>negativo1649,NHYYPTYETSGWKASRAQPI
>negativo1650,KTRSNASFEIWMDGPGMMNM
>negativo1651,HFLIFWRLPVDHYQFYVMND
>negativo1652,WMDNQMYEVLSCSYGIVFPH
>negativo1653,DMKLWFEPYEMPKLCTQCYP
>negativo1654,LSVVFQIWDPCYLEINQIFM
>negativo1655,RAEAVYEFSMERTRHCFGPC
>negativo1656,RSGVVATDGKGYMDTYIENM
>negativo1657,WSFSMYHTDAAMIRFPARNN
>negativo1658,IMESYNNNKQNLFDKAITMI
>negativo1659,VLCMILNTNCTWYAWFKNQQ
>negativo1660,WIETNSTCTNKITNKHMHRP
>negativo1661,IPTKYARTPAWKAQRPIFHD
>negativo1662,CWALLLCAICVKLSTHIENC
>negativo1663,VQIMPQMMNRPPVQCDHIML
>negativo1664,NQDTRIAACKYWNHEDNLSC
>negativo1665,MMIKRGCCLFWVNETGQMLP
>negativo1666,RSCAMHWIVMDCAVTHMACK
>negativo1667,NWYPIHMMVAAVRILWIQDT
>negativo1668,LCDRGKMLTVVRHEVYADII
>negativo1669,PCWTHPVIDLWCAGQSHVDE
>negativo1670,NNQLRRNWYLYIMISKKDFH
>negativo1671,VAHMRQKNIRAIMDYGCPKC
>negativo1672,SQGRWVTQAVTWCQRGNRMS
>negativo1673,KQCDIYYNNTHIISMEFRFM
>negativo1674,YWSIKNDEIFLSSPIEQAHC
>negativo1675,DVKGKLITLDTNAKGGVQFC
>negativo1676,RHELTTPLKPQWGYIWKQEW
>negativo1677,QSLIMLCQSKPKKEDMHHGE
>negativo1678,KQWPIIPGLLYNLEVEPVCL
>negativo1679,EDTDWHYWQGRIGDPSLVQG
>negativo1680,GSPSPTKEVHQMPPWGCLPE
>negativo1681,NQNRRTVAAFEMVVCHVGGG
>negativo1682,YLSQSTWKLNWCCNYLGWNQ
>negativo1683,MQLGAHPLFLDWDWETRLHQ
>negativo1684,THVSMGYHRHDAWEVQAIKH
>negativo1685,LDPFWECPQPACLYLDWHNN
>negativo1686,MRTASQTACPKPTIYILKKA
>negativo1687,WHFWGDQLTFQCMMFNHCAE
>negativo1688,PNSSFTVFYAQQENGCWAPT
>negativo1689,LICWFRVSAQMYCQARNITD
>negativo1690,VCCDFHHWWQGERFQATDAR
>negativo1691,CGDIHPPRCGRTWAETACYH
>negativo1692,CFGYYDKQIVLFCINPFFSM
>negativo1693,VISACQNNHAICKSRNNYGQ
>negativo1694,LVTLNTPRLTWNDETQEIPR
>negativo1695,IPLKFAQGFGITTASPSKHL
>negativo1696,SYLMTMSYYKYHMNLTTMGM
>negativo1697,LQIFMQFHWWQKISGWCGCH
>negativo1698,GDLPVYNRHCCHTRNTPDHR
>negativo1699,PNEMGITFTEVYGPKPHSKR
>negativo1700,KCHCWRYMLFSVFTAANVFY
>negativo1701,RFEPEGFLWMIMFQLAYPGY
>negativo1702,VERHILIMIVMWNCDIFALR
>negativo1703,KYVGYAKMANKEGFMTGQVT
>negativo1704,PHHNCKFSFRGRICFGAPSS
>negativo1705,WSNRKICEKTLYRDFMDIFQ
>negativo1706,CLAMGCVTKDWDAHCIFGVI
>negativo1707,MKCKNLKSQSRIDLRMSKPR
>negativo1708,WYGASFDHYLKEYQWKAVCK
>negativo1709,FWMWRKRCFRCMMDCCGPHE
>negativo1710,VMFTSWDVFIHKIQPYCVPR
>negativo1711,IMMKYPMTKRLPAGFCWYSN
>negativo1712,DNDECAWPKMKKKTAATAAD
>negativo1713,HPTSQDGRTCMSAVRRMYGI
>negativo1714,YHFLRRAMFYIKNYLGWCCG
>negativo1715,KAVDMIIGAYPPGKMLSNAS
>negativo1716,DCHNLEVTQALDRAHNFSLK
>negativo1717,DHNVRKMRGFIFSKCKITMI
>negativo1718,FAKAGFIEELCHKWQDMEMR
>negativo1719,DDEHKMHVTRWSREAAFVGW
>negativo1720,DGHQNDWSLFGFDFVNICSY
>negativo1721,YWLQPRSRFFDPQVWCHVFT
>negativo1722,NGWWGIMLVCSNIQPEIRMH
>negativo1723,STDWQMWQDMKWVRHYENQP
>negativo1724,PASMYEFVQLNPKNMAEFNS
>negativo1725,DWQSASHLYFIDLCGDWAAV
>negativo1726,DSFFGLLWLYDNDDFPIVHG
>negativo1727,KNMSDIYNYYLFPYMFCKKW
>negativo1728,HWTTHMVNKWTWVATPCIQS
>negativo1729,RASETYGVTDNKITCPNTDT
>negativo1730,GLGQPHLFLIWKSMYNEYNK
>negativo1731,DMYHDAALGCRPWMDGRNLL
>negativo1732,CAVQYCELQDIVDFMYSFMT
>negativo1733,HQFLLAWFSFHHECRPKFWC
>negativo1734,QPFREVINDESCVLGITRMT
>negativo1735,MLRRCFPLYLQTTNLCLLIR
>negativo1736,KCTKMWDMWSMCAPMIYKWW
>negativo1737,WIGSSSPFSQGCYGSYITWA
>negativo1738,FMPRSDQNTKADTGAVSSHL
>negativo1739,TAAPQDRPLHMIYVICIWFA
>negativo1740,IIFTIVSDMTVQNPYKCANY
>negativo1741,HYWVMWETLCRWAEGHGVGC
>negativo1742,CTFDRHVYAKTSYSICAYMQ
>negativo1743,GESVFAFIAGFQQTNETSKI
>negativo1744,RVALLYSCFLYHPIYLPSPN
>negativo1745,IASTAGTPHFEYWKPFNDEM
>negativo1746,STFRLYPCHPHVKGFNNTTL
>negativo1747,AFRLTCFMRMPGNHRYPCIT
>negativo1748,FGIATLIECTKYESYMTSLR
>negativo1749,PIQPLMTYYKMSINATNLRY
>negativo1750,PQMWYWVSWCPNYRIWCIGS
>negativo1751,NGELGCHIAPWNLESGHIIW
>negativo1752,CNPCKFCYNQRQIFTNCREC
>negativo1753,VIPHGAPSMRYCMRWWHRMC
>negativo1754,RYRDYVWLTKNATCIDHATI
>negativo1755,LGAAVRDCNCTPNKGEFLWE
>negativo1756,LSIEPEPVPNRHAVAKCFDK
>negativo1757,NSRHVPYAHADRWVFPCNTW
>negativo1758,ISFVISHWEACVYKSGRRLV
>negativo1759,YIFNITSNALWLDMKCMYKN
>negativo1760,NYMFCVKSGRWEHEFMTCHR
>negativo1761,ALWWCQCMFHRQCQSYTDHK
>negativo1762,TWRDNPLCVLVMPMNPSQPQ
>negativo1763,MELDARSCTTNAVRLVNQMD
>negativo1764,RWMIQCWLVMNHTMIWEKRF
>negativo1765,FLPYKCAKLRGMAFKPNPQV
>negativo1766,NHREDRFSYRDYCDQPNEHN
>negativo1767,GSKTVWEAGQIFLNCVSHLL
>negativo1768,CEVAHPYQRGPGPRINMRGS
>negativo1769,DAVIRRASMFTMHKGDYWNQ
>negativo1770,RQGIIMGIACLMFSIHMMGC
>negativo1771,FCLAIDPVWDHKCEIFCRVT
>negativo1772,VPFVIKPENYITPRKHQISV
>negativo1773,RYSCMGWEWWTFNREPAHQH
>negativo1774,NHGKHLSQDEKLLQEEMNAP
>negativo1775,YPIGATDPHVTRCAIRRWYM
>negativo1776,GANVAYWSSNFLAIDDLPQE
>negativo1777,DIMDNTAKLRPSHATIWFWH
>negativo1778,HHCECNRMMKNFACMLYCPH
>negativo1779,QVTDNWHMGRGECAAARLCQ
>negativo1780,NDSANPRTTNCWIWWRRANN
>negativo1781,TQGRWTPQGHCLFLFYFWTK
>negativo1782,SGRVYVYMLRQVPMGCPIGC
>negativo1783,QMGHIFTIGVKGCHQNETYR
>negativo1784,VQIEMKDSTACSVCMKPPLD
>negativo1785,KTAQTQNGWFFACILRVEAY
>negativo1786,RYFDDQEHYSQAPVYLGLPI
>negativo1787,TEAMNAYSDRFDTSKMFMSG
>negativo1788,WVNNDATLEWYQFLAWHITQ
>negativo1789,DVECEIKSVEVTFCMHYPSH
>negativo1790,VDPICMSDSWWDDSCTMPNK
>negativo1791,TSYFPFQFFENTHGADSILK
>negativo1792,LQFAYQCEAIDGEMDSVNGV
>negativo1793,FDLAEKSWCMGSTLSIWDLM
>negativo1794,GSKKFIVDEVWQMWQMCFLF
>negativo1795,YSEKNRWTCLWDSLRLMKDI
>negativo1796,HFGYEFDENPNFEGPISKQV
>negativo1797,GLSPQSIRIRFHQLTLVDSA
>negativo1798,SVHMKWMKEMANNPQPYKDE
>negativo1799,AVGPKSMHQMKYGHPELVGH
>negativo1800,NHDPCMVYWGGTRNAWCQAW
>negativo1801,HCSPRSDFGQEHPYFPEPVS
>negativo1802,NSVHRNVDTRFKAQELCVGQ
>negativo1803,IYWKPAAWHDCVVSYVPQEF
>negativo1804,NWTSPCEKEITNLMGNHGTV
>negativo1805,LSRCAHNQAMQEMACTWFES
>negativo1806,YFNPDILGSECIFNIYYFRE
>negativo1807,FGIHDNEHGNVFAGGEWVDC
>negativo1808,NYCTDMEYKRAIIYIIMGPG
>negativo1809,TDDHGRYNMCNSPPGNKSTM
>negativo1810,LQMNMQGPDGAFHYYIMVQA
>negativo1811,FAGGCSGKFYLHATVKMYCA
>negativo1812,YTDPRYVTCPHPQNRNMDQE
>negativo1813,NLIQNQKTNSFSTNFLPEAH
>negativo1814,KYQMPLRHINPRCHQDSHDE
>negativo1815,RHADPSETNPTDAEQSMCYD
>negativo1816,DCEAHHRPNVCHEYQLDHAV
>negativo1817,GDSVGSTESYPQWWDSQNIY
>negativo1818,NDPDPSGNFDWERARCVMTV
>negativo1819,FIHFLKALANQSVCDQRHYC
>negativo1820,PHMFHYRQTPWSTDLWQFKM
>negativo1821,WPDLCMPSQCYSNHCAWMQV
>negativo1822,DSVNVEEKDGDTKMATRASH
>negativo1823,RKTEKTDRHWDYMFHLFIAW
>negativo1824,VMGAACYPQWMPRVARWIPI
>negativo1825,IPYAAASGVCHYVPLGFTHR
>negativo1826,ELVFYKHILLACFMTTYCKR
>negativo1827,DPYNMNTDDQFLYYYIQSGP
>negativo1828,RTWYQTVACGHFWLYRVNFW
>negativo1829,SHLLETPFNTDTVWAEMGIN
>negativo1830,QHYHPASCDMRQFCLQDRCV
>negativo1831,STVSQLHLEHYPQIQMNQEW
>negativo1832,WTSVIDWLFGETPEIMWQDE
>negativo1833,AHVPDDYIVLLCMGKFGLDE
>negativo1834,MQFVNHGPPLPESWCHVCGI
>negativo1835,SWMARTDGKRHWLAVRAVDF
>negativo1836,SDILQVRHDDIQYDKLYSGT
>negativo1837,PMWSHKKDQRFDHNVYEETQ
>negativo1838,NTTQIYHIENATHSEMVYDR
>negativo1839,YCICVKFLCTTNDWVEMNVE
>negativo1840,TRFMEAVGPSAEWKSWGKYQ
>negativo1841,EDFDHYCNVGSWWEMTMQKE
>negativo1842,TREIHAWFFFIMIPVGCSNR
>negativo1843,MRWSVSYKCRTKNWSGNIPN
>negativo1844,MPWSHGEVLFEKALPIDDAG
>negativo1845,WNWTHFCDDEIMSTTIMWST
>negativo1846,IEFFDRFELATPLSCPSIFC
>negativo1847,FNNFSKDMWGQQPSFVFLNQ
>negativo1848,WKSWASTEVNKGYTFRSGME
>negativo1849,GNRIWHEYRPFALIEQRWVA
>negativo1850,YGLGLIHPEQVHEWLSLGEG
>negativo1851,WPIAGIPRQTDNILLIAQIW
>negativo1852,VINLQDFTSMVQYLRCSNIY
>negativo1853,TFTWVPYPATWHQMQRFLML
>negativo1854,GLARQNPQPPKAIGTEMHVP
>negativo1855,AGGLTQKCFLVTEVCFHLMW
>negativo1856,WFEWCMWPVNRKKMIWMLGT
>negativo1857,SEIYWSPHHHGHYCMALEHL
>negativo1858,CNIDSLSMHHIYFWKHWYSE
>negativo1859,DHHRQPRNESFAQQNNTFAQ
>negativo1860,MCREGNISDWCIGMAKKGPA
>negativo1861,PCIFPGPMSMVVYHGTCGRFI
>negativo1862,YQWNQFIAGYGSVKDYHYRFY
>negativo1863,CICYKYMQPHNLTHGMGNRHE
>negativo1864,NWECPFRILMQNWCGGFWDNH
>negativo1865,HRTTKTKMSHNSFGAMGSAAL
>negativo1866,YLSFIVDFFHHNWNRQREPKI
>negativo1867,HYCVFHQFRGGMYGAWFCTHW
>negativo1868,WTHCFGWMVCNTRIRVAPWTG
>negativo1869,YWEKTQHVMFHQLHDPVSYNV
>negativo1870,PIVGRVAQDCHRTIFGMVFFC
>negativo1871,GCDFLDYWFNKPFLFWINKIA
>negativo1872,FANSDDKYLEPRPSQRIWILW
>negativo1873,IYQMRDRKNMCLMHSMWTENW
>negativo1874,QYWKEEKLLIVHYASHKDRAC
>negativo1875,GWSNCIKDMPWQIRFQFAFFG
>negativo1876,EGTCGEPIDYFPESMQQIYRR
>negativo1877,CDLGPGGRTKLWAHNTWCFLY
>negativo1878,MPKMPEIMWACDCWPDPLMPN
>negativo1879,EDQMGRPIWKDMMGELANCLA
>negativo1880,AIVLPMYLEHSQYYWSVVFSR
>negativo1881,WHAIQCAVTWVRLDAWCYSQW
>negativo1882,CFICQKNISHQWTYQMTKTTN
>negativo1883,MMPLHVCERYDQAWPFELAEH
>negativo1884,SAFRGSWNQDGPCFHGRIATY
>negativo1885,GIWTTLMNFNFGRITAQITPM
>negativo1886,SANVASRLLDYEIFWVQAERN
>negativo1887,CKESEADTTFCQAEFSWYLPG
>negativo1888,FNTLLERMMAGCICPAEEFYW
>negativo1889,GQNQKGYEKPDPICWWIKKPL
>negativo1890,TYDRDIVAMVPWQVQHARKYQ
>negativo1891,ANDDLGKYRGNRWNEADIRAF
>negativo1892,TYGVDLIQSWKPYTEHCKNTS
>negativo1893,PDTNFVRNHPLKKGYASWEET
>negativo1894,EQRQLKSQETPNWWTFLWVDS
>negativo1895,RAEWPNDHKHNLISTTAHRVY
>negativo1896,FVGPCYILYMIKKWVFCCNSH
>negativo1897,GWMTYSLSCKQEYWPACDHQW
>negativo1898,PDGQDIEWWGRTYSPVCEIVV
>negativo1899,WDLWTELSQRSLNDRHAKKWQ
>negativo1900,IAPGQETEPPRVQGNICPQLG
>negativo1901,AKCWCRHYACYSCHIFIHWER
>negativo1902,MNKMQYEARLTSKQFTVISCH
>negativo1903,VFNVVNRNGYHQIPGMNNNYF
>negativo1904,ARYKMHHTWYRVEFPLQRPGL
>negativo1905,PQWYTQTAKVTPHIKKEVFSI
>negativo1906,ETFMNMAQHHLKKQIILVCFK
>negativo1907,MGPNNEHWDRNPNRCSDHNMK
>negativo1908,AQHVRDRMWQVFWSWCPINEQ
>negativo1909,HARKTKNIHMETETDNWTCAH
>negativo1910,YDFDIPGDCAWVYPKYDKLTQ
>negativo1911,RPAWMNTGGGFEIFALMMQQL
>negativo1912,NGDWGFLVFIKAELRDWMCKK
>negativo1913,VHDIPKTHQILMDEGDPFHCC
>negativo1914,HQTETEKVCYYCTRTESCGKP
>negativo1915,QKFAWLMQDIAGVWRSWHNGV
>negativo1916,QPFVYHALWVRKMQGKRKDGQ
>negativo1917,LSIWPYKPEVCNCTRYLKSTG
>negativo1918,QRLAHRWYDMNYPGNPYEGRC
>negativo1919,QQQNPVKHIPSKMCSAQAEMT
>negativo1920,CSVHATIPNIDRQYLNEPTHT
>negativo1921,KTSSHRGGFLNPHGEMAPCNY
>negativo1922,FFIIEVIYWVHEEGCTHWSLR
>negativo1923,ISGLWVQHIKYRDVIWQHCDH
>negativo1924,SRIIAWVWMKAKAMQVTMFTS
>negativo1925,SMEMGCWCYTTLTVEHQDQWQ
>negativo1926,DKMTQTFKFGQTQWTFETPTN
>negativo1927,ELSPAYDQNTVMQCLEIEYVQ
>negativo1928,QAAFPPIERTLDNEACTGNMI
>negativo1929,YVSVMSYEPTRMICPLTVIWC
>negativo1930,TYDFFYILWPVIERPIAEWCT
>negativo1931,EPFFTFRSPRYISLWEEPEAY
>negativo1932,ELAGWPFTVHDTRPCPSIEWT
>negativo1933,QMDRQRGGDQGNLFIRFYCKD
>negativo1934,WAWHMDEPCLFTVMGMDYSND
>negativo1935,TMGKFYDQSSILEEHMRKNWS
>negativo1936,RHIEGGMPVIPDTEVAMEDDG
>negativo1937,PNVSVLYNYNHSDYRGNKECV
>negativo1938,MLNIFPFRRPISFVMEFLRES
>negativo1939,KMENIKWMHWTKELGCYMGNP
>negativo1940,WNWHKVNDLSNRNNRIIVIFE
>negativo1941,ICVWKHCSANAGGMGQELPGQ
>negativo1942,MRIHILNIHTNNLVWYELWDH
>negativo1943,YLSDFSKWAPNTNEQCFLTDC
>negativo1944,YCKYWLVPQHWDWKTQHPHHF
>negativo1945,TNTCHFHLKMFKWCQSCRKFV
>negativo1946,HSMCQAHEKSIGHMDSSNWAC
>negativo1947,YQTANGNTFQDASHPMYAWTG
>negativo1948,IATTCGPMQLMDIDKDASFMK
>negativo1949,TGEHTWGYNMTTRLKCSLTTK
>negativo1950,YWSNFCKRCMSVDIACTPVDVC
>negativo1951,VMNFDNCVNRFHMVSPLPMMSN
>negativo1952,KMLQKWAWRFCDHADRSDKLVS
>negativo1953,TNHEPEHDESVTYMMQKRRKSE
>negativo1954,AYNSWMWGTVERHLTRPNFFWR
>negativo1955,DYPLVAQLPITKKIPQREDQQD
>negativo1956,MQDQQWCYKWGWMCFLWDGKRK
>negativo1957,SAKGEDCGTDTARRNAMYDRFE
>negativo1958,LDYYVMGGHTTHYYAPMFTFGW
>negativo1959,VKSDYIQGHPSFYKCCLCPNMI
>negativo1960,YMHYGCSDLKYLHDNFFYLGCW
>negativo1961,FVPEGSLQHPYSCNHDWVRFLF
>negativo1962,RPRSMIRCHFSINNQLQRHFCA
>negativo1963,CYTDQLAEHVFCHFKIYRTIYV
>negativo1964,LGEFMALRCPLGLGSDKPNRAQ
>negativo1965,MNHEQRGEEQVNRFLVHFQQKR
>negativo1966,VHNFMIHLQPSAVCQIRVFKPA
>negativo1967,MAHYPEYKSKRLVYDDEYTKMF
>negativo1968,TGNPVIIHATEIQHFYENIALH
>negativo1969,VNNTNHHAILQHMTYSMADDCY
>negativo1970,ASPNHSNYCRPARTCRAGFAFD
>negativo1971,DSQQIKAAIRPKCRYEKQDNPH
>negativo1972,VYEHWCHCEFPEEQFYYCPQTH
>negativo1973,EFNRGGEKNYGDNNYLILGTHS
>negativo1974,DKAVTDAWQQIFPFANAIYVCV
>negativo1975,LIRILCDAMCLWNRQNSSQDAC
>negativo1976,KETYEFHGAMVWLPCPRCLSWA
>negativo1977,KRTQNCDRITYIHQATYGSAKS
>negativo1978,FDVQKWYSSLQMHFVMFPARGM
>negativo1979,WCYKTIQYYRPHQFWPYYDSLW
>negativo1980,NAMKKKVRLFNMSRIQSLWQVN
>negativo1981,GNCVVANDMATYYNSPKAVILNW
>negativo1982,NIIIEYWVYLARTSGRCRVGACG
>negativo1983,YIEVLPGEPPCCVVTPSKMPPRY
>negativo1984,HHGWITIIVLHIHYGSQRFGRFV
>negativo1985,NYQDRWKAKYGTPGVWQSRKWAC
>negativo1986,RKRVGLWMMIAMPISKDFYNQLD
>negativo1987,FIWNCFNLNFMWVAIRCERTASI
>negativo1988,GWPTIEPWKMEYHQWMFNCDCQY
>negativo1989,NLEYKQSPIWVKNIFKWPYSWHE
>negativo1990,SPMVKPVYWEGYITLPAPQFSLG
>negativo1991,SLFNKHPCHRCLAEKVYRDAAST
>negativo1992,YGFFWSPFYSDIAWDLHKPWSFW
>negativo1993,GSTEMDACQDSKVVAAWLKNGMG
>negativo1994,TSEYAQCGCQVKWEQQHPFYHWS
>negativo1995,LVRTQCMLSVHINFTRMRPMWCD
>negativo1996,GWRISACVDLCGAYNGGESPERM
>negativo1997,PNMQGHMYFLANAIYICCMPFLH
>negativo1998,KVQRDWYYVYSDRVKRTEMSDVM
>negativo1999,WYTTIVIYGLRFISNRPDPWIFW
>negativo2000,EYLFFTHWYIAWPFDHCFYWWAM
>negativo2001,KWLNYEMKEHHSKYSDTTVAHSF
>negativo2002,DCDCFFTTCDGMFNLKQFKYEPD
>negativo2003,ITKRWGVTFPLVRPDGASQCYES
>negativo2004,VAWYFWKTSNVKIFCDLPYHGGR
>negativo2005,YECGAFKDPHHAKHLLMIVINHG
>negativo2006,DNQKEGFGCGSWYYQDPGVKWQD
>negativo2007,YGYCSGHSPHGENTDWIYVRLEY
>negativo2008,PKLKDCINSHYVQYDMAWPRQKQ
>negativo2009,EFLVWNDNWVNHGWDHKEELMHI
>negativo2010,FPPFDDTNNVNGTGYCAYCNYRV
>negativo2011,TYNWTVSMFEEMEQAVWFSPKDN
>negativo2012,NSTVINACGAILGQPCWIYHWLF
>negativo2013,DLMKGCPVDALLHADTYAQFPHD
>negativo2014,IWFVEKCPRQNQWIQNPMSEIRE
>negativo2015,THYCMVQQDRKQGQACMLSHLFD
>negativo2016,EIPTRTYSMDCWTVYKQVDYPRM
>negativo2017,TEPHVNHFPSPQPNSCYGKWQQF
>negativo2018,DEVAGRPNKWDYWNACSCWVTFC
>negativo2019,TFGGQPIGNISEEQQFHRMGLLT
>negativo2020,AMMGIYVSEPKTAQDKLKWRDRT
>negativo2021,LQYKFPCFLFGLGNTWRAMLLKV
>negativo2022,FEACGTLKIKDGICKRSQQWGSP
>negativo2023,PLMTPCRIAMCKFLIEVYPKHYEL
>negativo2024,EWFYDYAMVLMHEARPLISTTWCN
>negativo2025,CCGHQNVVHSWMQWWQGFMPEFEC
>negativo2026,HMGNKHFRQMMTGMMFPANAAIDS
>negativo2027,MEMCQWSTGPYQTHVFNNCIPNDM
>negativo2028,MKHQIASIKIQYIYTPCLEQNCAV
>negativo2029,DKIGIMAQYLHNHGMHMVHNEQCR
>negativo2030,FINWRLYLGARMFAHAQETDLCPH
>negativo2031,DCLKNQMDILMGDCYLFSMDFCNF
>negativo2032,LPSGNWMGKPLCEYSANKTCPAGE
>negativo2033,YINVMILDSRHKDRWLNNNPAHYW
>negativo2034,YYLANAEQSCPFIGNVKCAQCWFC
>negativo2035,PSEQSITIVRNCRGLTTHNGSARN
>negativo2036,DGMHSGDTAQAAHEHYTWCSAHCF
>negativo2037,RYQHVLHSQDIQWWDAYVGKFMHV
>negativo2038,EYMCVDGTAHVENIDYIRTHTNAV
>negativo2039,FTDPSEQDFDGMPTCHYRSCFRQI
>negativo2040,SQKYNPRMTFNPVHNHPITNVRFS
>negativo2041,QKIPTTMTNRYDQYQFDYYPVSTC
>negativo2042,ACMPCMMGNGDCPNELSCARMVDF
>negativo2043,HAMFSASVAVPHEFLQWMPSITMT
>negativo2044,WEVWDLLDGCGNIHGKYEFCSDQH
>negativo2045,SIEFALLISWQHYQILQQQKQCIR
>negativo2046,SVQNGCRDATTIDVHCSCWWHHVA
>negativo2047,QWCFLRAEVNEAWGVSYKGKYCFL
>negativo2048,QVNNPFASPQCDIMIWTQYWCKWD
>negativo2049,YGFIPRNLGCHLACMTVKMSFGEN
>negativo2050,QACDFWMYWHQMLMEQFEMGDVFR
>negativo2051,EGMYWADYAIQWEEEYNFWLAAFL
>negativo2052,AQWRKFRISVIPEDGKKNRCIIHH
>negativo2053,CYYGQYWKDLIELAVDCTLSTTEN
>negativo2054,MTVRFGRLRDYRPFLWHVLVRWMM
>negativo2055,LEAPYIPYENNGIQHVNATKCDLG
>negativo2056,LETKGKDERPLEPIPYPSAHHSQL
>negativo2057,FEVVHLMCFHMLYDRPVCCAFDVM
>negativo2058,YRTIKGTMLGHVFKMLEHHFCPMM
>negativo2059,MRHVTSCFAQQPTTNKYWMVWHKY
>negativo2060,IIDQCEWEHWDSLPYLQVWNNIDE
>negativo2061,NKMVSLPMPICSNVSSYYWNWLMCD
>negativo2062,MWRMRQFEVHWMSHHYSSWHIVTPQ
>negativo2063,ENLDMDIDHGYEEDINTFEHFAFAF
>negativo2064,WDFFFCKWAFVVWSLMQSCYDIRLY
>negativo2065,IGAPASQYHHSCCMSYWHMSSQYWR
>negativo2066,KPNDADFKQMSWMQVVPTWRVQETF
>negativo2067,FFDMLCEKRCSYKGHFGCFDNMQYT
>negativo2068,SIMIGGMWKPQHLTKFWMRIMMARH
>negativo2069,HGDSFPFPGDFTSDYKHGGYEWIMI
>negativo2070,FWECDRQMDTYGRNKMAQITHQRQC
>negativo2071,GIHVKKMHVWELRSEQVKEFTVDFD
>negativo2072,HQTSPIVHGGNSSDCMYRLPEHFKM
>negativo2073,MWGDENALVWCQASNDMRQYGFHTW
>negativo2074,SYLFAISSMIYSEGKLFIYMTMMDK
>negativo2075,RNRVYTCCRVGRYMYCVNCQSFPIV
>negativo2076,LYWPSDNQMYYRLEHVGISHQVTAY
>negativo2077,EAYESRTPDIAWPRKQKEPEAYGMV
>negativo2078,KFPLLLVAGKTPREPIEACGCAFQG
>negativo2079,HTWFMMQHMCYPAYIFAFFFLDQWA
>negativo2080,WLPISRDMHDHLHYEDFVWQMCPKA
>negativo2081,ECQMLGMGTLCHYVNQCVFIYLHSH
>negativo2082,AYIAGVCFCHTYEKYLHKYPRVYLC
>negativo2083,ALCFEHKEVCDAVERPPSKICWIDA
>negativo2084,SDCMLQCRTVPEVAWIMMVVELFAC
>negativo2085,RGNHWLPLNMCMWGEKSFPGYGTDF
>negativo2086,YRLMYDYRSYLNPYFDTSAMLRMTQ
>negativo2087,ITWWPWMWMGQPCIRSIYMEMVNYE
>negativo2088,MVVVIGMTGPPRWIAEPAATGLKQG
>negativo2089,DYLKIYPADCANTFAKNRRCIWLML
>negativo2090,HIDCGQSMFCDLMRIYEKQWENTAK
>negativo2091,ELVNLPKGGHQIVNPHMYRMDPSIL
>negativo2092,DGPACQMWRLAFMVFSMRFKHKQCN
>negativo2093,DSEGARTPHQMFNAFAPSTRRTLMP
>negativo2094,SHFNVRDTSNSWSYASLQAIGPSMC
>negativo2095,TPEISSYKPVFPWLNMQADHGTNIG
>negativo2096,FGGFLSSCCQCAKEMYAGPADYYEY
>negativo2097,GRTFDQYCKIATFHVMAKWYRPTFT
>negativo2098,RIVKRLLMFRTFKSFDAAHDWLIVE
>negativo2099,VTQKDVDKCKNCWVWFSQICGSEKH
>negativo2100,DALGYWVLLQLNAVRLHSNIIEQLK
>negativo2101,IQGDYKLDANKGFTTDAEPHCGRFD
>negativo2102,WKHASKHSMCETWKQKTSDRWWPCV
>negativo2103,MQCRDWQHDWFCWEYETGDHCGIMV
>negativo2104,KFYVCYKIQVNRLCKKLRQAPQETY
>negativo2105,DLRTSQRVRAIQKVRDLVVTHPSFL
>negativo2106,VRNYTAIWVGSDNRNSDDHKDWDPH
>negativo2107,ERVWHYTPCVDQTVQMQLIVRRGKP
>negativo2108,HPDKTWGFKNAVHTKFYPSTLMSLPM
>negativo2109,LISFDLLLFDGMAMQRESDKDMEMHW
>negativo2110,WIFEQLCNNDENPSRNSPWWETLAFK
>negativo2111,SHLPGSDTEQNFYDTRVVDTVDEAET
>negativo2112,KMTSDRPWMQRFWKCKDGLNRSTTER
>negativo2113,DDWYGLDTEPMEKIPTGQDAIDLQIN
>negativo2114,GFLMKGVTCVIWDNVTLENFTHHLHE
>negativo2115,SQEKWVKYANQICAWFPAKLDRNEFF
>negativo2116,EPGGCLMCLFTVCSGDYFGNYWSFCN
>negativo2117,YKGGQEDAGVLWRVFDWAAMNEKWPR
>negativo2118,TATKTWPWCPIQEPLVHAYDYGMGAC
>negativo2119,EISYTADCLGNVWCSNWWAQHRGMMR
>negativo2120,TIENIKDVTQPSQYRFFLLAMVDTSA
>negativo2121,HLMYYDWEVNMFPEGMRPLGHSHMIC
>negativo2122,IWQEVNTMKGHMSSCDWWQRSCKLQK
>negativo2123,DGMFWQGMQSLQKITGYRPARFLGTP
>negativo2124,PEKAFVAFYEFTYHGIKLYWEYGQKH
>negativo2125,NCLGIMGDGTMMIGPNFGPQAHCVRH
>negativo2126,NYYATYKATCKTGIEITAMFEMEHKA
>negativo2127,QEVQEENPAKLAAFFICCPCPSHCEC
>negativo2128,PNITYAWYWCPVISGHEVREPTTREV
>negativo2129,GTTRAHLWDFWIIDMNGWPSSYANQF
>negativo2130,FNIELSMKIVHICGEQHKQMTICFFR
>negativo2131,IPLVHTTHNSCNLCCKQIYPIKETWL
>negativo2132,LKDVVSPAILKLSFVFTWDLRAWWEC
>negativo2133,VPACCVPIQMLFMWMEYWSCDAHRLI
>negativo2134,GCTTSTDALVHKQNPKCWNYDLCPHQ
>negativo2135,IMNPCPCWIVFAVLTPDANGKHEWAY
>negativo2136,LFFLEHLAEMICCVWNWWERMAKDLV
>negativo2137,QSVSNRCNYQIAEPQAGCACMYFIQN
>negativo2138,RPCGTALMVSRHRFLMPWFQDKFRFT
>negativo2139,CCQQSKWESMLDDLQNAMIDCNWFTHI
>negativo2140,FPFQDNVKEFMLMYYPEYEVEFEECWS
>negativo2141,LPNHYENAQWGYPHSFSTECMEFTVEE
>negativo2142,SPCVFQNNRFHWGIRAYSAPHKSHMGW
>negativo2143,ADGFTNKGPYTGGAWVLPKQDAMKASG
>negativo2144,DVKDGDITEGLQCRYRQMYNHQDRHDN
>negativo2145,YGFPHPFHTHAWNNKWVYNLKFHDQPQ
>negativo2146,PTCECQSPYVRNPHFGWKVQWKGRVWP
>negativo2147,LVMMNMNKDFQYVFITMVHPSFVAGEF
>negativo2148,QWSQWAKAINVILRFIHDCQKNDQHEV
>negativo2149,PWGRHVEMPPVFWNASVFSKTEHIGPL
>negativo2150,TQHGYNLKRFQHIAPWFGNTYTFPKFW
>negativo2151,KGKFRQILNMYVFEPVNWCNLGRKDQK
>negativo2152,RSCFSGHVDRLRICQTTEPEVDHLLWQ
>negativo2153,YINHLTTDLAKEHQTREHEQMATGKQR
>negativo2154,NHRGYPDIYKFCTRKSFEQNRDGMAHG
>negativo2155,VYGLCTWRCKYGWENISQNYYQMWEDQ
>negativo2156,NNFRWWCATRGHQGFDKYYGAPKWHFA
>negativo2157,QCNLCKQTHPFQCNKDYIMFTCIAPCS
>negativo2158,ADMCFVPTRAPSMTQATPYFGQDENPW
>negativo2159,ICWHVNMYTDGDGEDQMQGAQTDNYQV
>negativo2160,RFGMFVVKGVYKIKTYYPVGPQICSWC
>negativo2161,VGWIHCGVMQHIKCEWIGIWKCCNKTS
>negativo2162,LEYHTNFPLENMQRSQRFMFVDLAVYE
>negativo2163,AHCDIQIHNLMFNHSDDRWVCGTQAST
>negativo2164,MDLHDQAFMVGKLETKWFHHQAACMLLW
>negativo2165,FEDQKQPQNSEFDYISIDHKACNAWQPT
>negativo2166,ETGTVEGRNYCYFGTAIYDVWKKGFISL
>negativo2167,DKYCHVPEIPKTLCACSAVDKLRMDLKL
>negativo2168,SASMCMSLETKCQKMFYCQYHRNEDASY
>negativo2169,YNCNPAPRDAGLCDLGMTWFHNVDYWRR
>negativo2170,TGGVESTATMKTDCYTEEPWNAQPRWVE
>negativo2171,WFCCVTLWHTIAPHIVKIISTNIRWTDS
>negativo2172,NPRFQYVIGMTKNQVHAGSFRDQNWQQD
>negativo2173,VTKGPHKRPESRMAYIPNWVVCYFPHTS
>negativo2174,PAFNWVPAKLPYKIGGIEVFAAFQCYFI
>negativo2175,LAPLKPEAPNNMVCSGCPANHKNKPWAD
>negativo2176,YEADMQWKEQTEWTFCGKFAHIKEDYTN
>negativo2177,RVCDKENPTIACCTLFPNHDDTKMSLFA
>negativo2178,MYWQGVGGAIKSVGDKRPTDAPGNAACA
>negativo2179,QECDFTIYRNKHVAQNMQDNYDECMGHW
>negativo2180,TCVEDTFIVGSDHLHWYWMSFGIKIIYE
>negativo2181,YEWWKLHGWIYRIFENEAYVRGCERSEM
>negativo2182,FLANRKATTYMYEGTRPVFCAEGPSCFW
>negativo2183,VPFAPNRQCSSDKEMSNPIHAYFNSEEL
>negativo2184,CQLHYVYSCIAEQYHVWAPIYPGAAVEY
>negativo2185,RLNMWTNNAFPAGTYKCQLVLADNKTEW
>negativo2186,TVGVHTDSHADLKENQHNCCEVRGWHMK
>negativo2187,LSQIMNLYFWFCHQQSGEVIYQRTEANG
>negativo2188,HKDLSNQRNCMHEGTWTHIYPFDDLHCY
>negativo2189,AIGPRVHGAYRWHIFQRYICCKFFRHEY
>negativo2190,TCRGVMLSGCREDNGGCCCVLWDSCQQV
>negativo2191,WACNSVYAETGQQRKHFMESHVKFYNQP
>negativo2192,WEWLLTASENYNSHEKSRFMHVPSVNHK
>negativo2193,QRLGDSLHKKRIQYKTREKGRRHNPWYL
>negativo2194,DKICMQIMQDWVQIYGVVGYQIFHAHFS
>negativo2195,QDLHNIINAFQAMPPHIQDMLANEWPDR
>negativo2196,SNVNRTFNSTCVCTFYQHMPRASTDNCE
>negativo2197,AAQNFRVWPKMYEFDDCNQFYYLIDIPF
>negativo2198,SSPQISRDGMTTNPIEYIWQSHNFNGVW
>negativo2199,NYTIILNGPRYMISQAVPKQLMLNVFSV
>negativo2200,PSYLKMTNITGDAGWQEHPEFQKNRMDC
>negativo2201,NCMSNMHRWTWTWPAYYQAKHSWSFKIF
>negativo2202,QPPSDFMDTKGMMSQVAETHLCCGMWCW
>negativo2203,VNVNKSHERLTDPVVSPWLGMRCEEETY
>negativo2204,VCYVQVSMHISCHYWVIKWVGMTPPCYC
>negativo2205,VVVWERQMIMYAAADLKVKIFKKIAYCE
>negativo2206,GYAWSNSTEDQVMSSPLAPRQEDTVMPAD
>negativo2207,WTHECRKQLMPKDEQFVVDVMCPEMLYNI
>negativo2208,SHKMQHSWFAHEECKICAYATIYTQMNKI
>negativo2209,HCARHCEGESMWLIAAVWCFNPRHKPGTP
>negativo2210,NSGLKAWNSFMMPKVRHYCMCTPMHMWCS
>negativo2211,MLEGGDPVTTSEKSIPKRGGCAWFNMWYK
>negativo2212,MDIQNNEWVHTNDSWLGEWHAYMHVGACF
>negativo2213,YEPEDKFSRWLFFFRNSDVEQCSCKLYFH
>negativo2214,CLCQFACPVDSLYIILYESFMESEQKIHP
>negativo2215,CHVNNALDIRCIAILCRAETHQDRSPTVM
>negativo2216,NTVEEGCASRGMIVIGVYPWKATHYVGRP
>negativo2217,PQEAPWCDLRFWIKYCLISGANDYSMYYY
>negativo2218,PSLETFVFFYEKHAWLYSDGSICWKVHKA
>negativo2219,YTKYSIESYFHGDEQSDHDVHHPIYHFRC
>negativo2220,VTTIEHKLVFVEQEGRGPPHAMTVFSMTK
>negativo2221,SHTLPPNVCNDTHGNALWVLIDLHYMAFI
>negativo2222,FGYWATWQHCFSLHVAAFKMCQDWDEACD
>negativo2223,DCNKEADYMCQAGALVPGKVFTCLGLQTM
>negativo2224,LRKAYLNEQKRWSMGNTPYVCMYPCKVPI
>negativo2225,YDEEQMEMCSTSWAHSVFSDVKFLKFIYF
>negativo2226,CCCSVQPYIGVHAIMYKPSTCVCDKIKST
>negativo2227,KSQHVPGCSSKRCKMQHRGYWFMTEHKHV
>negativo2228,TAKICKNVMMLNLIQNPVCQVAISTGWNA
>negativo2229,SSYQKMNNIFWPWPVFWGYMWAECIRGKW
>negativo2230,FDQKRDDTDISNDGPGLRDTWMWFHLERG
>negativo2231,CVSLSQQSRNVYWVIPCKPEWGIMSEGVV
>negativo2232,QYTCFCQGILHRTAFVYYTHWATVIRLQI
>negativo2233,DIWKSDLAGSQASIKNVRSVMEGGCWIRS
>negativo2234,MKHWTMHKHLSVFARMLHHIEELLGPNEW
>negativo2235,IFIVTITSQYSLEKASSTIGDLTQDGQGV
>negativo2236,RYSYQENELNVDKADPQHRQTYSLHKDGE
>negativo2237,MDQNTTMQSLEWMDYERFFWVFMGQCWSA
>negativo2238,LIFRHFDKRCWVRTTRSQLPFYANNKRLQ
>negativo2239,SVNKVTRHSWRYGKHCATYQFGKYHMMKG
>negativo2240,ACYWEGYKWLLVKQWNLESMTTRYTPESS
>negativo2241,AKTCKRRFYNMYLQHIWMNKRKRNHNDGK
>negativo2242,CGLYNFQNKTTMPEHCDTGYHQWYDPASF
>negativo2243,TRIGVVQERDTWDHSVRMASGEDWHKPNFE
>negativo2244,HMRSYTLPTTRQIKCRETWIMNKQAMQHKR
>negativo2245,FHQGQHPAWEGQNSPRGYPNLFTCWDWTEF
>negativo2246,QQENHATSHDSDISHPNLVIKGDHQTVWFC
>negativo2247,CKSCRDMFLTTKRWLEHPARDALGHVFEND
>negativo2248,NPPWEFLIFYKSTSQDKVGKENVQRIQFLY
>negativo2249,HEEWAECTLNGKVPLISKGHAALRRRTRRY
>negativo2250,GTMQFIYTHFSQGFWGSKRWFVDYTQWKLI
>negativo2251,KLDISGHIEQEPRHRPAHKYMVRIHEITYF
>negativo2252,QALYMVHAWTMNYPGKCRTIQLTHMGEFQN
>negativo2253,SYFCDSERQSKQHIGAQEGPTASIFCVFGF
>negativo2254,RWEYWWYDVWHKAPQILNAALITAGWRMFG
>negativo2255,LDNKSRHGMEYVAYYISFGCCSIWLCNVTL
>negativo2256,GFVYKYPSDPMDIEIICDNWPYTDSVQTIT
>negativo2257,WKNEEVWHSNSCRYETEHYANTEDWYADQE
>negativo2258,EPCPKHPPPMTQNWRKIRYEMDRLPVDYDY
>negativo2259,WKSVVETILRRTCVIIAGDSRHYRAKGLFF
>negativo2260,ESKYHINAPPWGKPSWYKYPSFHHCEMYFR
>negativo2261,EAHWPEKRNGRDNSVQAGVWDTIYNYHIQF
>negativo2262,MVCNRQPRFMEMPYPNKPNSKDNKFEHNKD
>negativo2263,WGPRMWNVKGRISGDWSSCFNKHDCQEPPG
>negativo2264,FCNCAFGNVMFVRVPHKSCHHNLVNGHGNH
>negativo2265,QPPFYTQHPRAMNKLYIRGKIQKFNDAGEP
>negativo2266,SSTDGADMRRVHDAGRWWIAQLTHEMKCRC
>negativo2267,VTYGIPFMNIEYSHCGLRVEDSRCKWDWIF
>negativo2268,STNCKQMPAPFYHEWVDHCNCRRGKMLFID
>negativo2269,EDIEKAMMLTQIECYRHRLCNISPATVLQG
>negativo2270,RYYILHSSSGAMYKKWSIWIVVQRPLGWEL
>negativo2271,FALMRVLNNSLRCEFNCCNDVSNSTTTTMA
>negativo2272,QTYCLCRKKWRGDNTFDISTIDVCQKCLDI
>negativo2273,GMQYVYDMKPMLGLEVEIIFKKGFVPLTHM
>negativo2274,KWIWFSTDVDELCEEIHLLPLKTFNVCHCF
>negativo2275,QADDLYLPTTKYGLHYTIELHKFGYEAVKD
>negativo2276,CPVPRQFISVNPQCDRQFEDGGAGFDTCAY
>negativo2277,RVITPYYLRFKCRQHGNKIEFRWCFGGHFT
>negativo2278,NRIMVTCVMQGEIGARRDACSWRHVESCNH
>negativo2279,RNNTPFGTSMHAHRMCQMRMEQLVGWAWMW
>negativo2280,FIQYVQRQSKTVLFLLLAFSMRKKAGMFEGI
>negativo2281,CWWQLKVSSSWVVYCHFMYNQTYRPYKCMAE
>negativo2282,DKPRAMPAKYLYMYEQFFDMSKPPNDDCTMG
>negativo2283,EPSASDKNYAKRTYHFNPCLFVKPCWVCTAQ
>negativo2284,TTMMGDPALMFWRKVKQGVRNRGQRRPYNHF
>negativo2285,HWSLFNRGWLKVWWESVFVQTLYKGMIAWVH
>negativo2286,QDYCAYLWRMGPDFRWYVGCGIMAKANFQFS
>negativo2287,SSYNQPEAYCEANSRVHPYGHALNLTYTKKY
>negativo2288,MHFASDTPPMSCQISFTTAEPCRICSKSGCN
>negativo2289,LYPFCQRVFVEFKANSFYWSLQIKRMYFSEI
>negativo2290,IAFKQCMSAQEKKSRYGHDRRFTNPPAMQRT
>negativo2291,IRQSVPNGWDLMVLVGMLCTGLRGDYQSAIT
>negativo2292,CGLQPEIITFQKSARQNCEHNNWAPTWKYRD
>negativo2293,FPFHPMRHEAKMPQEATSAPGCKTWFNWMTY
>negativo2294,CVAWPTNKDTQDPYDIHISQENLGGDKLCLQ
>negativo2295,CNTAWTELLTIWRHHVEVPIPIIPHVEIIHQ
>negativo2296,IASVPDSVQTAAASDLVFQIRHMNPWYRMHN
>negativo2297,CNTCRFASDGIQIVMTMMRPYCAGPRRWTPK
>negativo2298,CNIHRQRVRENRKICQHPATSWSFSPTCKLL
>negativo2299,SKFHLSPKYAWTEGPTRDHKRRGRGYVVTLY
>negativo2300,PFLITRWHTATYVSYPCHMFLVPWMFMPGVR
>negativo2301,VDDTDCVMVPEQTPTCHYEIQQFPPPCAEHI
>negativo2302,MNYMPQNGPALDGHPHPNSWVNYFHMMPDRT
>negativo2303,PKCCMHMWFGNPFMNMQWTDHSHYCEDYHHS
>negativo2304,NANKRIHLTTLQFMVIWPYKCEVWFPLDWPE
>negativo2305,VIWLGGNPRALVMSQLCCYKCICICKHKDKH
>negativo2306,TCRPGKIDHHRSKEEFALIRGFMTPTEEFQQ
>negativo2307,NIWVDVVFSDYQGQYLFPKAWKYYPEKQLWTD
>negativo2308,DAFINTITRIGQGCHQATTWKKIHDCDMDCNI
>negativo2309,TLPRIGCHQSARVNKWTHAMNNIGQKMQHEVL
>negativo2310,RTSFARFRQDRWWWQLNHPVQPAWVYDLRWCW
>negativo2311,LYYVAYHWVHMLAMDQMTIDWDMNTSLRQRDE
>negativo2312,FRQWKCHNNCTICKLDPEWHKKRNECYDPFGS
>negativo2313,SWHLDLCKWLYCHLIIGDTPVAFAQTCDHDQF
>negativo2314,YGRNCAFMCHNQQIVAAGLNYWWVVLLMGSGK
>negativo2315,GVHRWDWRDCELTNVITNEFRMWGWIWSRPRR
>negativo2316,RQYPTYSVWVGPLTMPILNCIGEELPWKRPSV
>negativo2317,NYSKSNEWATSWDSIANLTPQPYPYVNKHFRM
>negativo2318,AFKQADESQNCYLIFEAEQMVDQQSQGKYKGT
>negativo2319,SMTHYEHITYATAMHLMDNCIACVQLRNTIVS
>negativo2320,FPITINDPQMACPQEEAKGASMDTCKVTEWFL
>negativo2321,HTVNHWDVKDFHMPWHSTMQNESQFPKIIFIW
>negativo2322,GCGELIADPERDERSPQGTRMFQLIMVRKFQA
>negativo2323,HADPWRAWEHYQGTSDSGCQTIHTVKCAKSRA
>negativo2324,QCPRVKPIFMIFTQIHTYDMCRLLFHWYMCLI
>negativo2325,WKWERPFFIGCTWMYLNEGDVHLHRPVDPTDD
>negativo2326,YLMSSWATTNALNFICDPPGKTFCMIGYHLMQ
>negativo2327,KDPSHYLPMCWCLSQNLREIWDWTVYQEGWVT
>negativo2328,EQTFRNMSRETGPMITLFIHHKVMVTVANVQGW
>negativo2329,LSKIIKFLNMHTQQMMEDIGGMYKAVSFSPDEI
>negativo2330,ALMRHNLPVNYYVMRWIMYRPLREVQGPALWRH
>negativo2331,HWLNTAFICPIVCFMNNTTKPNGEYMQWDEDAG
>negativo2332,NYCETQGYHFYPAIKRHVLYWCMHTFGIQKPGD
>negativo2333,KNQVPYYNKQCFEDSMMMPKHNYMVILIKMRCM
>negativo2334,PSYDHFQSLENDINFHTAAAFTMFMQDTMSECQ
>negativo2335,EPIWYFAADRWLANMWRRDNHYQRVFMWQCADD
>negativo2336,QWNDPYDMHWDSAQFWTSGIPQDWTYFADNHDY
>negativo2337,QAMENKDTITVLQCGDFMRNWLNDHLRHLKVRK
>negativo2338,TTQDTDARYRFATKLSKVLSPTMTPCQIRGLGC
>negativo2339,SIRNRHICAPLKTTGALMKYHMMHEHVEPQVIT
>negativo2340,MTKIDYFWNDQSYFVIFWWSDHLYEPDLQATHG
>negativo2341,SGAARPCLTWPDFQDNVPDWFVCPATRNQISYP
>negativo2342,PVCDFLATGMNKQALERHMKETKTPNKYYGNGC
>negativo2343,EMETAQGYYDNIRNTNAVQFIQEEKYLKQLLGF
>negativo2344,HSEDDSMPIHDSPLIFTIEDMNGWLEKMWACCH
>negativo2345,CQCRVPQKFSFAYHPVNYTWDRVSKAPWTNEGM
>negativo2346,YTKSMSISANSTNMPHQNTIYTAKMTRCIEILV
>negativo2347,ITMFCLSVNHHSEWFTMIHWGVTKWCWSFNAQW
>negativo2348,PDPAVFTADIVETSNGLLIDGCAASGKDQGLYE
>negativo2349,VIQANRKTTDVPDMDAKGPHRTCRDTDEEAHDN
>negativo2350,RMTTWWNGFPLHEESFDNFWFCMVHTAAYFIDE
>negativo2351,STCIHQGKSGDPFDTLPIVTWCNFILYHWTHQG
>negativo2352,LDRWGWWITTALKWYIDKVAWFARFISPYPTIL
>negativo2353,EFCEYSFNKWTMFKLQIRYINTACCWMHYNEFE
>negativo2354,RVILDILSGIAWRMYSNNLCSMCQYPNYSHDAP
>negativo2355,DNYVRCPRRENFDVSHEVSFMNWFWMIQPGNKC
>negativo2356,DYSQQEMPMRCKQKQNSSCHRPVVEPWDTVWRY
>negativo2357,IREMYGRRQNYFVRYRMCHQISECTPNSLMEPQ
>negativo2358,RTHSSVIVIHAYGKFQHHQWSRMHCFYHHRWIR
>negativo2359,MRDFRCRNTFGLKDTNFTYIKVGNCFHGSCSNGM
>negativo2360,QSHMEGSNSVNWHRFQHVMAMVASSEGQTRKAQL
>negativo2361,CTVGTKMAFQLYYTQHVYDTCFMSMNDTQHVWIN
>negativo2362,YAQHQLDPHTKHTAMRIKSKDSCILRCIATIMEW
>negativo2363,CYKPHRKWPVGFGYELSEVNCLYPENITHITTRQ
>negativo2364,GFMMYGIQTFARTLTDPTTYEMEHHGWAIITQNL
>negativo2365,NFSLGRASQLNVQPILFQCRRNYSPMVYKAPDNG
>negativo2366,WNVDVWYHWKTEGGLPWRMLAQDVNEAKWNVFNL
>negativo2367,HLSALFYFDAMVCMYAFQHDWVNWRHPRTSSHSY
>negativo2368,RGDFFSVYTFVWEVWEYSPSIPATKWKKPVAEWL
>negativo2369,MAFVNYASDLYALRLVSHPRFIPTSKMYPPSCIW
>negativo2370,SWVTWKSCSSGSSASINQYFQVFDDYLSMRTFGG
>negativo2371,DSGFAIPLLHASYCCEPAYGLHAEKQFMFGIALS
>negativo2372,HEEAGLKRCLRSWCDGIDNEMAAADAFAMPYGYA
>negativo2373,HEAVVYARILDLYCHIQKHCFDDVTWNQWDAEFW
>negativo2374,SEQCQPIWKLRFNKPMHPIMNTLIWVIVAPYYCI
>negativo2375,GYVTEFCFWMHVSVGMQRSGAHGVHHMMDSSNIY
>negativo2376,YNKYHMHLPPKFNVLNPGWKRLAQFEFRNDDARL
>negativo2377,HLQDIIHVNFNFICCCVAFKKEYVSTWVTDLWTS
>negativo2378,RPGLVAKRETHNKVHNVYSPHGCHPCPLWKSLEYL
>negativo2379,GWELYINTADADPRTRAFYYHSKPTPKHIMFMRTI
>negativo2380,VFQKGNMPLIMNETHNFCANTEYRDLYVCPPHKTR
>negativo2381,PEERWYIWYSDYESYWSLMWREPFNFSYKVFYVSN
>negativo2382,QNHFRWSKEWACGHLWISCTWWMWRPTQAQTPTNV
>negativo2383,IQIIDPNFHSKIFNMEKHEKHNMKVRANTNLWKFM
>negativo2384,VGMIVDDACVIMGCICQTALKNQWEKNVTHSHFER
>negativo2385,DGAKDPLGMIRVYPVVVSKPWKSNNFMVHCAREPA
>negativo2386,WMMMTYGAELHQNGMVTNHFTQWDQNYIWESATTC
>negativo2387,CVYKCCVGADIVPGDENEGIYQLHDFRLDVRHDKK
>negativo2388,HEFNKAALNKGPDYSFWGNDYAVRHELVKGGIPAH
>negativo2389,KMAYIMPAVSYRFVAKLMTWKKEENHSIARFKEFT
>negativo2390,TTAHAFESDKLNQVYTGMGNGAEQHGHMEKFVTWF
>negativo2391,QDQMCIYHGVPRGDIALYVKLVYKDYGQPCWPIPL
>negativo2392,TQYYWQEWQRWSQLDGTPTAYCQPPHGFMYRYFSS
>negativo2393,YCPEIDFSMKTFDRYWQVPIMPGTVTIHREPLYEK
>negativo2394,LCYPLDKVNHAFFFPLRLRVLWWMWYCSIPPSTHE
>negativo2395,DSHVHIGLWEASMGQHLMRETEAFMLGDLLFPNWF
>negativo2396,QYAWGDVQSAWTCNATLGEVALFEGYVEQNPHRAS
>negativo2397,SNNHCRVSRYNLGHHWFWCHNLKAMWTIRNQFFHE
>negativo2398,RLMGTSELYPKTGVEPWVCNLMNHHCMFDQMITVY
>negativo2399,RHEVFTKVRMDLMEHKPDGLATEQEPAVKNCRSYT
>negativo2400,DVPGKYFNISEQGLYPGDWCMRQPLDRYGYGFRSG
>negativo2401,IMRMKSKSLARSIAKTSSGHSCCASDFCTKFKDRI
>negativo2402,CDTEFNAFPKSYDTWLPAEKRMNPGTSWPMALRKS
>negativo2403,AAGDNCNQNVQGTTCVPQYCGNSHSRMRYCTVNRF
>negativo2404,IMDHEIRSCMLIKTSYWNWRYAATVESGNMELHAV
>negativo2405,DACMGAAKQFEFHFTHCKTQGSTRVMPNSDISFHT
>negativo2406,INYMFTVTTCPGCSHILWDWFTWFPPFDKMCNSYK
>negativo2407,FCVWGAGPIYSQHCTQLGWIDKTEVARVHHLSVQA
>negativo2408,QTPMPRRWFVRMFVIYECRWTSWKFEMYVMGIQKQ
>negativo2409,TSHAVEPQTKMYLNFMMHGHEPGEFNLKMGGTYQS
>negativo2410,LMANVDEHNAQHHHEGLVGNDDSDMIEYASTWRHF
>negativo2411,EQSPCILHKLLMERVMCGFYMNKVGKGFLNENLNQ
>negativo2412,SHVHRFKSNDYTRFHHPIWGHVAEALDLDNDNVIM
>negativo2413,CDWRYRNAGTIPWGPGRCLTTDDKRVYSGLFCYVT
>negativo2414,YMCNDMIWGSPMYYEIIPSIRYSCNEAKDSNTQMK
>negativo2415,FQMHCPTPVKYNWMPMGGTDFQMPIFCMCRPFQEL
>negativo2416,KNTEEWPVESWITGNEKHIACEGGAGRATNEYRGM
>negativo2417,CKITTRVRWLSRATAVYVGDLNVRAYNDYQTCIAV
>negativo2418,ADHRPAELCKVTMVMIQKFYFPNTKGYKSDYGGTS
>negativo2419,CSQSWYVPDGRCHNYRPEFGTSWDFSLHMHIQVPA
>negativo2420,CHRTLSSYRWRENDKSDWIFLFSNNAQAKQWIKNR
>negativo2421,FIDEMNMKAGLRIYVWKEPGCTFCRHGCPQFKITT
>negativo2422,PLCSFATEYVQPNRPFMRTIGLNQKSYTEEHNDCT
>negativo2423,HNWNARAEITQPAPQPVSGIQVLVDSKFVGYWDNT
>negativo2424,HEEVRECRLVTEMLATSAFPNVTGTIYGMRRFLSR
>negativo2425,PKAIMNGVVHINLKCYTLTIKPPAATELINVYIFL
>negativo2426,MWIFARSEWHFKFVVPRFRQRSRATWLIPVCVSVP
>negativo2427,NPNYMYVVWAYRSWQRTSRLSTNMMMGQGAALKRD
>negativo2428,WPIFEDVYSDQFQTGVLVDNYNAKIWWGHSFEMNH
>negativo2429,EDNKIDFEEQYTMHRQDTSFINWRADINHFDQKQK
>negativo2430,AKYQKMDVYHHLFDQWKHFPETQKHMQMTFENRKM
>negativo2431,IEPGMTMDRHFRSVYFHGSQEEERKQRFQMPAART
>negativo2432,IMIFAVGCFMWDFETVPDDSVYVHGCLFQTDKWQT
>negativo2433,IIPSDVQDPNITRAVIWNPWRWLPPLEDYTKTRAH
>negativo2434,RSHNTGIYMAPEEAPTWAEWRCHVCCDLWNYHMRW
>negativo2435,HSWGEDMESCRLVFSDDCFITLMLAIHEVEMVKIY
>negativo2436,IYMEYKKFSWPCWRFKEHLMIFWYVEYKIVMRSLH
>negativo2437,GVELTTITNHYKHAGWRQVIITNRCWFYLNAYTTG
>negativo2438,PQHLQAGDVLMRYWCPVFKYKMYDATSCDENCWLD
>negativo2439,ENNKDMGYYHMKFPEQQEQWMFVIMDQVIVCCWDG
>negativo2440,CWVPYKKWTRSRCKPCNLLYTWRPMKWVYLFDTLF
>negativo2441,QNMQELHVRAKWARMTQMMIVYPLHDWKICQCVAI
>negativo2442,PYHFSRNTVAHNLCRDQFPHTIRQWLDNLVSGWAW
>negativo2443,VMSEEQHVIGDQGFVHWCLEEDDIELSQLSVNWAL
>negativo2444,KNSHMAIMYDAVLVDNTQVVMWIIALNCDVNTFIY
>negativo2445,MCGYQLMTTVSRSQSCVMQRKQNGDTDTPTMMSMC
>negativo2446,CTWWYQQTWITQMIHPKEHGYGMSTPSEGESVANH
>negativo2447,KDQDSASFWTAAHFFSDPQSYCDLEFKYLRRKVSH
>negativo2448,RWHFWCMRTRGNVDVCGTWMEINKGVVCYTQNNFY
>negativo2449,TGNGGHQHYPVDWYKVNSPHFCYIYLTTMIYLFLN
>negativo2450,QNLNHLQAVMRFICRHLDPGKWHHVREDRNHMCEW
>negativo2451,WMEFLHFSVRRMRTDYVMDNKYIEHCIASRIVQQD
>negativo2452,WSKSFLLCFSYYYRYTYNKESMVYARRDCMNTDAC
>negativo2453,CSVGTHGWQGWQTTDHQKPGGMKEYIPCSLYTDMV
>negativo2454,DYVLTLHTEVMQHAQRPTDAFNYSYHDRMECYNAR
>negativo2455,KCLRVCTCQKGAFRFKYQGWYEQMRFRSFAIIQIH
>negativo2456,CYYINESPKQSVKNEYNYYYSNDSGWWFFLQLMCV
>negativo2457,IPQDGESEVIPFNINSSNDPVYDEARGDRNARMMY
>negativo2458,LRWSFDKTQLVRRTIKDIQWAVSIMIYMGQHNTYI
>negativo2459,VLGDYLCDTEAHPLYHCNKDVKRIENGELDGMYAI
>negativo2460,IQLPGLDEKDKVYDAWYRKLNLPDAGLPLRQACSQ
>negativo2461,QVDCRMHYRSDSYVWTLGNAPEHQRANRPEANAYAT
>negativo2462,GAWFNKPHGPGPAYFARNIMYACCAFVCFAYYTWNR
>negativo2463,HMCCAGQRPYVNDKHPAWLRQYIQHSCFNCAGWLTW
>negativo2464,PPYHCLLLWIKHFQMVQFIRPTSYPLKFTSSKDDWE
>negativo2465,SMTTYWYYQFHARNDTNNFPCMCRGLTLHHQCWTFL
>negativo2466,LLKIMSCMIENRSAQGNHEMWKFKEIGGKNTDVIML
>negativo2467,TIMRHWAHAMMYHRSKGGWCVTATEWPGCMSKGKFE
>negativo2468,KWANDMKTGQESGECRCKMVKPSAPYCTSFLWWGNP
>negativo2469,HYTHQFVPVIYIAFVGQKFHFLEWAQSDTKAKDTAN
>negativo2470,SVHIRGHGTMWVPVRAAVCMLDSVQLFDHVESYNFA
>negativo2471,HIKVAYWPEPTRQQRGRCVGEPYGCQTMDIFKTVGG
>negativo2472,DCGWMIFLKTWRQFIEEYSAPHNYLNAKMWANWYAH
>negativo2473,VCTANNAEELEHIHHQDFWEQEMDAQKQEKYDCDRF
>negativo2474,SQPDFTHWPRYFVYLSQLAPYRCFESSQKIAHPRMT
>negativo2475,NKPSDWHHNMWCLWHDSKLASECMHLIMKWRWPPKE
>negativo2476,QGTCASPAWQRGEKQKTCLCFHTTGITTVEQLKTAQ
>negativo2477,NRNKNPLPCLQKSSFTNKSISSFCFLVYKVEDGHDW
>negativo2478,HYRFDENSMFRNMSLKPAKHHNGNTQFSGRQTMMRS
>negativo2479,SLCCLFKKMAHPRLWCRKSWAIWKFPAMLCIAIKTM
>negativo2480,YMHMLIWTTCSFWPMAWNFLVEPEPQVISQMGPMGH
>negativo2481,TDLSSPYGDDCPLWDFYRVKPYQPGFGRYCWQNHEF
>negativo2482,PWENFFISGCISMRHGPRKSIKYVFHMEPCVLIMDC
>negativo2483,IDNSRNSSIMTVHLSVKISDSIFNTPGIKCFVIHMV
>negativo2484,KCHLMKVPVHGTYFACHANLYEFQRDMRTYDEIDRE
>negativo2485,KVTFQNANRSWTRGPYYGRTMSGKAGNKSHTFSSYD
>negativo2486,MRHTVVQFAMKLVYDDLSHFCTGNPAHDSMVPMMWM
>negativo2487,RQPWQKCLERIKRHRVFQDQCRKGCDAWGIASLIQY
>negativo2488,MHHNMMIVIYDFLGYVEKTWDPSMGYVYDDYEYMEQ
>negativo2489,LRQFHGRRMTIIEKYDGCHHDYGFDSMGDIGAYVNI
>negativo2490,LWAHMEGNHPWMLQPAKVDKCITSMPFYLNWANKRV
>negativo2491,CRFPKWIGLETLHEVQDDREWKTNESEMIDQGTMHW
>negativo2492,SCICVSMDKFTISDLKFRSIHNDYSFHYMLVKWVWA
>negativo2493,DNSANHAVGYPNFTMFHPINNFQSVEGQKQMNVKMQ
>negativo2494,QQQTIKVSGAPIQHYKLCGASKVVWSLMDFWQYIEQ
>negativo2495,HRCTMFIKGVSEWRQIHILNRPEMGDLWLVKENDQY
>negativo2496,VEKFQSSIHNWIEWDCKEWESEYTCWPATEIMWAFE
>negativo2497,MVSRAMMMYDVEGCNMVEDYTPAFCDYGNSFMQQDN
>negativo2498,WYIFGWECFFLFVQQIHIAYWHASQRAGQNPYAWEK
>negativo2499,IYAVTRRGDIHWREQMRAHQPHHCKEVNEMDRIQKA
>negativo2500,LICCIATSSAFKAAVLFFLYYWVGPVFQILTQAVHI
>negativo2501,VQFAFEDGFNSECPERILEHDFSEWRGCERCPGSYQ
>negativo2502,GMTPSYRPAKASAFEERCQTILRGCLMAPDHVYTRD
>negativo2503,QKPCPVGKTYVVDFFGQEEMLSTNSWWFWFLINIMQ
>negativo2504,SAVILCVINVHMKCDINFRADYAPAQCIEWQTNPGN
>negativo2505,YWEIHHHYQRMITLDNEDRYYICILPQWNDLDCAHG
>negativo2506,TLMQVGQHPVEKSTHEGQTLCETKQFPIDDCCHAPS
>negativo2507,MVINFEVHLIFSGGIPCNQYWVPYITQIETPIYDTI
>negativo2508,GYSIHGSWKWIWPQKYHKIPDCECITKACNLERPRK
>negativo2509,ENVKMIHAEEPKGGTLQKAGFTCCGSTFVIFVPDFR
>negativo2510,ESKSVRVYFSHELAPEDSYFKWMWKKRVVFRWFMWC
>negativo2511,FWTGDPMQHKPQWANCSAAVGREPSFHDCTNVPHHH
>negativo2512,FDKPWIPHQAAPMRHGCCRNCNTLCAKMEHEPYTVY
>negativo2513,REFRCWPDKFPCTQILRSRPCHTHCLGCGKWQEKDT
>negativo2514,EHMRTCQNNFWLHEPISVSHLYCSFPRVAKQGFNEK
>negativo2515,IITSFPDQEHKDTYVTYTYFARSVLEKGHIICGNEI
>negativo2516,DRDFERLSPTCDIHVGCLFPARHFCCMDCMHHQLID
>negativo2517,VDQMFNWFWTHRSKMAINFVKCWIWQYCRDRWWWVV
>negativo2518,YHILDPEINLGHIQFQSDVSDYYCDPKSWGPHRTRT
>negativo2519,VCPNFEYCIWNIAIRGCNNYGCLMVCGAAPSARVWS
>negativo2520,NNPDSSYWIWGRLKNSPYDKSGWAKERGDMDREPVK
>negativo2521,CFAAQSESMNGMCPGDECERLAWPFWKYLLDLAFPT
>negativo2522,GHIINWNDVQCKPWSRSCWTSFRDTSFWWLHQHEYC
>negativo2523,VLLYEMIIVCPWHSLSENYHGTTVFKAPVMWYMIAM
>negativo2524,LADEPNATLRLPVGEPPIIMNTCGCKGLGGQSLGNE
>negativo2525,WDWIGVSTMPYDMVFGREQHDEVCYQSAFCGPALTG
>negativo2526,TSHNTIKEFEKQQFKWIAECTYCSAMDITYTWMPKW
>negativo2527,CAGIWARSFWYSIGKQHETTTCFWTVHDISMGWEWI
>negativo2528,INMCSSPGFMCCTMNHMKGFQRGHNCIWQERNGFEI
>negativo2529,GFCFWYRCVHRYPKQSSFKPSEYRTRLVIHMKYVLC
>negativo2530,DLLKDCFRSSCWPVHLTHQELGCCGCGRQPWAPFPL
>negativo2531,FFFMKKKTICLCHSDHGVAWYSSQYQIQRPESGFAA
>negativo2532,MHASMWRYPCAHYIWLDLHDHLMCWKYGGGFTVITM
>negativo2533,YMICCCDVFWGIMIRFHWRMWYRLECHDPLIHQKMV
>negativo2534,QKVQHWIQQWTPTYTQSPYRECPCQYRQTMQVMIRI
>negativo2535,IHYYLYQRWWSCHQWFNSFCNQTRNDCCEMNYCMFKS
>negativo2536,RPNIRRAPEVWHEPYYKLWGLLMMVSSDQMLDRIECE
>negativo2537,IHPHGSGSVNWRVFKGHDHCAVIKAMMRTWASQADEK
>negativo2538,QDVYWKYQFHMSFNHFCSHNCLYHMQPYWVQMEYEWQ
>negativo2539,MDTKIEMREWGELCGMILGYNIEWCWDSYWVQRAKSL
>negativo2540,NFCGYRVQPWGFGGIFTMPFSLEKMNMFSRWCEEFWY
>negativo2541,RHEVATKQRNRITDTRKTHVGVQASTPIPTCENQSMV
>negativo2542,SRISFPNWTHPYQCETNTEKQQSNQQQKQCNSHWGLC
>negativo2543,KPDKGETHRVIIHWARPAHQMSGGCFYISNSYECPYT
>negativo2544,WHLEANQNRKHGFHKWVAKFAEQVNSLFHFPKQHILV
>negativo2545,ADHPYHVIIQSWFFWQFDTSHLPGQYPHETDDLFNAC
>negativo2546,CDIELGNCFGVNQDFHVAINCIWFIWIKFLTMVYICN
>negativo2547,KLRFTSCQSTASTRNCLQTEFEFEATVGYFRSLQKKH
>negativo2548,FHSHWVQWIASQRSNFNWCMFTYQFPYWVVMEQFQMY
>negativo2549,VMNCQRTDMEKCWNYEHLIHYGTYWEVCVECPDMKQN
>negativo2550,WENAFPNYFVWNSGRCEEGCNKYDRVLNKLTQDLPQA
>negativo2551,CSYVMRYKILTYNIGHVYDKYSTVNSTTEFECITKMS
>negativo2552,GDRWPHIYNHQLPQWIGLICGAYWFVCIPYTHHLTTT
>negativo2553,AWNTDKEKWRRAMTMDNERPDIPVWKITSLDFGNDQN
>negativo2554,IKGINGRTTEEHGEFYCHDGDFPFHIWLPGAVIALEY
>negativo2555,KCDDGKKQLSHYKRTYQDWVSGMVRETFPESRTDTQE
>negativo2556,WAAWFCWGFMAIIDTCFTHMVQSVEPWDQLNDLWFRW
>negativo2557,TLKHMMNPPPLYMFWVGRFAHGCCMHWTGNERCFSLF
>negativo2558,DWYSWIEDKGVFAGQWGHICFRGISRRKHERRKSLSC
>negativo2559,RSSHYSDNHWRGKGVSDQRGNREGDYNAWPWRSAFKL
>negativo2560,MEKAKKRGIAQAFWDSACCKMNRTQVSRNWHMPWTFY
>negativo2561,DMTKKVMPTWFWRKCKDVPDMTAGSPQTRGKEQGMGQ
>negativo2562,GWEMANLYVGSAFYVYNWLSGPCPQMAMDRFKNYTFE
>negativo2563,ILAMFYDYETWNIEADTVSNHCWAWVEYNMLCKAWLA
>negativo2564,WDHHQFAPTNHFIICVDPKQRATYHRAHWWFYYSRKT
>negativo2565,ECTKWTKIAHYTGAVEMDLPWYEKDLYYASYAYWQGT
>negativo2566,DIDPIAEIYMPNAQMKCILVDFLPGVALCAHCFRDAD
>negativo2567,YCQLMHCVFMVNDEWVCVSEAWEMKPDHNSAPMLLME
>negativo2568,FVLQMLWRKAWFTLEQLVTFHWNVYCPWVKIICNFME
>negativo2569,IWTRTKFNWMRWNKSQHWPIVYYSCMHEDHNCWSDQC
>negativo2570,PLSQLYGQHAWDEVPCVINYTWNDVRNRLHHKDHLRY
>negativo2571,VVPGDQTPHRKWFQANPARLHRWPTWYNSKCYNFPSH
>negativo2572,CAKPCFFIHFPWVSMPHVMHGQNVCFPTMIHETVENW
>negativo2573,KETIAKSKPNHWWYEIYMWTVPNDQMSWDSHHLWQQC
>negativo2574,YCLGEAQPINFKGKEVYDYYCCFFAQYCPIEDTKAWA
>negativo2575,SWTVDRCWQACEICWVEIRKQNCPQRAYAHNSGSFPE
>negativo2576,QCMESHPHPCPRDRHILNVIPAHMNIVTANKGRVAMI
>negativo2577,KSCSSPHWDKEDVIWVGMWNSCSIWHHDRYNGDAGQL
>negativo2578,DHMGAFPPFFKQMANAKEWIDPDKAPWNKRGRWDEEK
>negativo2579,MEKMDIYHAQAPIRPLRDETPISWDMCEEDYFNLMKHI
>negativo2580,MEMVPKYNREPWHEDQEGKLRGTCPQESRDPQGTCYTF
>negativo2581,LHPGLGCYFETSEVFQQTWEVDFTAGTHPCSPEVQWYP
>negativo2582,CTYMHTEYQVPHLEYDKTRPICAQSMTPWAAGHVWQQT
>negativo2583,VATIQQKFTVEYSSYKKNSNWHMNTAITDESAWCILDA
>negativo2584,HVKTEMAGSIQWYARLGFLLPVIWGGSAQYLWFAYRRY
>negativo2585,DQDYMQACFFWSFEKCQFNQRPISTSHHSTYPEILKYE
>negativo2586,WGYGGRNQQYAKQYTCMIERPIASEREGHHIHRRHRMG
>negativo2587,ADSLTASACMERLWCFRRKTFNTRKCTTIQSTGYKDCP
>negativo2588,NRAIHEHIFMQNMDYMSKGLNSPDPIVFTVIAQCVRWM
>negativo2589,EDGHMSLMRKPPFWVVSPEWWAMHGHGLFYMPAPDFPH
>negativo2590,TVHVSQNEAFYGWVHFYPRAPDWIRRLDWNCQLADIAM
>negativo2591,YSNIWNSKQQHPMRNRCYGNQRTSLRLFECHASFTYMN
>negativo2592,HLIIMYAPSYWQYKDEYYYQIQQNFVSMFGIDMPWAIK
>negativo2593,IDFESQYYCCLFHPEGMRKSADFRAASEPICLHQHFTY
>negativo2594,IIPLWFWDTFWTWECHPAIYNIGKGSPLLVHWNPQHTD
>negativo2595,VQLESNAYRWRKTPLKTTHVVNCSDGTTFGPVWTWSGI
>negativo2596,AHMCPFHVEMEFQPMHKAVAFCPERCIPWTRYFDWPDT
>negativo2597,IGGFMNTCNVQIIWHDFELITLLTGPPCGAESLTGQGR
>negativo2598,HEDCPCCMINPRRCHQVMMNWQKPEIQPFRPCTYCEFW
>negativo2599,AHAFANLKLINWTMRINQGTTDGMWANCRKALHVNQPW
>negativo2600,KKKMHFLFFNVWAIEAGDISKLHAREDNMWMPMHLAYF
>negativo2601,IHVWSNLEEQEQHTTDRKLTCLPTSHHSSWSALFYYGG
>negativo2602,SQWVVIAGTVHTCDHPDYPEMCMYQRWSWKEILHLNAH
>negativo2603,EIVMIVKYRKQLWYFMIVHCLTVSITNFYQNAMGVPWA
>negativo2604,EKAYRHVDLIVQKMNQPAMPGCFQPLYKECYTWNNEYI
>negativo2605,KKELPLNWTSKDQHFTPKDFTIWTRKMLPTDYFAAPMT
>negativo2606,ESIHVCEQILNKMFCMTGAACTNEHGNQGNVKYGGAYD
>negativo2607,VRFVLDRECPLNSAHWGPTCSPSDEFYGKLEIGFISTC
>negativo2608,EDQLNPPEELIWESKWPVGGLGVFFYWDLMPYEDCGPY
>negativo2609,TKDWPCEQCATTFLPWRLYALTENITCCPHWGACQWYHD
>negativo2610,INDTKHTFDNKRFELEMIRCYDPGEWSWQISIIITCVWQ
>negativo2611,NQTADEDHDSPPVFIFGPDGYLSPGTDVAVRSYNVKCRC
>negativo2612,HMFEILHFNNCATPPMTGYWHEGCAENMMTACNVRLVEK
>negativo2613,PWIYRFQLYTSSGNSIFASDECQSTPYVGNHQWEHIKVR
>negativo2614,NSGTREHAIERKRTNEVLILETKCQTCGPECKQHNKKSR
>negativo2615,VLQAMKRYNGFKAWCDRSPHLDKATHFGKRPIRGDDTRA
>negativo2616,EMHMWQADYEIPYNIPCMEGHDTLGMTVYYKYWIWCHYE
>negativo2617,SETQMKREQMSKTAGEVDIFMLSYWSGGITVHTQGKMAA
>negativo2618,CRFNMAWKRCITMATVAGDRRVLNHVAFVMATFDLYQNK
>negativo2619,QWVWNFHRGRCMCNGRIKMEENYKIRMIFHYVYLVKYFEF
>negativo2620,STEHRFYTVAEHIEMGQFMLSVCYQTCRMFMGATYFVDRG
>negativo2621,VCWRSAMSNWWKVCREWKAPRPCYNPIWDFSGMHVLVACS
>negativo2622,NVIRPGANRLEFSYHKIKCCGMCAGCNKQVSPDMYKCTML
>negativo2623,TEPCPNYNCPLMHSWDFQLHGEMDDNTGAFCIKSGWDFNI
>negativo2624,AQWTYADHEMAYVAVGNVRYHPNCYQTQSCSFWPSWRHDH
>negativo2625,CPMGYVPYKYFHTIASDGIEEIEHCWPISDSLAPLSPKVP
>negativo2626,FSSMPSAQPDMLGYIIHGIPCMSSNDVNMCRYYIMCWTQG
>negativo2627,AHSQNVCMLIFKWDYDHHTPNIWPICQKHREWCLANTKFR
>negativo2628,VSEWDFCRGFDMPNLGENWHKHYMKYIQGHPTPPWSQKIQ
>negativo2629,IKDAKQNDWAYIGKAELGLNMHAADQLNTNDITIADALLA
>negativo2630,LAEKAVGEMTHVATGMDKELTACMPWQNDVYYAQTNWGKP
>negativo2631,SCSWNIAGERWDSNMNVMSLEWSEYMGMHDIWDNTQMVCS
>negativo2632,CMMNIKGKAYYNWHERRTIWFLDPMKEWWGLMITKTARVC
>negativo2633,TPCTPRKLKDGWPPFMIRESARTPFGFEQWLMTSWYWKYT
>negativo2634,HHVSAPAWLYGLKDWNCVQLMIKQIFKSKNHNCQIGMFYGW
>negativo2635,SMFIAQIASEFQYHFMDVCNCGCLSQQYRGIYTGKNEHRNN
>negativo2636,PEMMRCAWWDIGEDPRMKLAANVAYDYDCLPGATSKVARAE
>negativo2637,FGWTENSLNARKGQFHIRCGALHRSTSGALLYMLAPGCAYL
>negativo2638,ATWEEFPADVSPNYTQKWCKNKSTFEQYMAYQCEENWARPA
>negativo2639,PRAVVNSQSPFFTNTTTKAVPLYDAEAAHVYTLCWWCDIDA
>negativo2640,VTDRRLLVWTFKTWWHGRMYPIKQMGWSLNWRSIFQYQPHC
>negativo2641,YVSNGNMPYKKQAWGGRTCYFSFQKFQDVLDCPTRKFFLDD
>negativo2642,PIKDKHWALYFMLGHPQVLSDWMPQWNHQTFCTKSVLKNIE
>negativo2643,QVQVTHAPGDNLIPYVMNTMRVSSVYIMTTQSICIEHLVHL
>negativo2644,RNISQMSSSQECKEMWWLKHVDNWIGPAWPCQETPVAWQWI
>negativo2645,KKSFNNTHCYIRVISQRTMCMNGTQYPASKQNVVLLWIFGI
>negativo2646,ESAWKMTGCNLLIGHSAPLWKMMINYRWCSDCEEVLWKTYE
>negativo2647,IFTGYRRTTRTMGESVTSTHSDALEELNISMHSHEWMAHDH
>negativo2648,TGKKPRMLPEKCMRNICMDGCYCGLQWGVGWEQEKWTSISM
>negativo2649,NTIYGIYKFPYGYFPYHVMAFQHDMVGISQVNKKMGFHAFD
>negativo2650,RRFLMSSAIANYVTAETKGPENLCYEKYENENRLDQNIWGP
>negativo2651,NKCFSPAMKFALWTHHLWIKQAGWKDKDKHKWKQEPVTRLR
>negativo2652,FWHYWNHLDPSDVQRIWDERSRKNWSANISQQYYMYPKRKC
>negativo2653,ATWFWMYLSKDWEDFNDWFVYFRCNMRKMGCYNVVDVCYRL
>negativo2654,GCFMRMVPRHKGRGGNNGSTGLEALYEFWTHGTQVHAWFDT
>negativo2655,AQWCDEYMLCYLQVISTAQPIWFQTFRMTGWIWFDKFHKQE
>negativo2656,EILMHRIVLAAIYCKWHFCYWEDTMWNMTYHFKPDNFLFEM
>negativo2657,KTFIDLRMEGFESRASRPMSYAEAQGNYDEMMDWHWMQVQF
>negativo2658,ESCSFDEFIEPCEKVYFQYCTAVQKSISQSGYICAHFATRR
>negativo2659,FGWSGSFRRCPQNQFPGGAHFGETMNYFNVKEASIDPVASD
>negativo2660,NHTGTSCKQYKGYHIGESVFEQRTRACKDPNSMLMCDSDDQ
>negativo2661,YQWSTIRLWQLAWDDYFNFRLRECSILHLSCTNHPMRHGAF
>negativo2662,NLHEHHIPCRAVIVCRLLWIEEPQVAAALCMAMQIWKVTSL
>negativo2663,TLKNIGGQTMDHVWFYMAIEKPHNTPQRLDSIEDKTTQKMI
>negativo2664,QLHDQRFDKIYRSSLFLRPESALRFFEPFYQRNILGSRGSR
>negativo2665,HLRAYINGVCYSYFHQDYQFCCAAIQYFLFGGTTKHYTTIQ
>negativo2666,VKPKFRVKENQTYITCYHNGYQPHRLYRKYMEGRQHYAGFN
>negativo2667,QFFEVYWRTAQRILWATFSKKDSYWDMMAYMPQKPPMTWVF
>negativo2668,PEQMGYRWIYQIEECDWEPWFTSGDFTQMIEGMCADGVWPH
>negativo2669,MPNIYGSCRAGKDPWKHGRPEGINCCLTYVNEPGCSWQKQTE
>negativo2670,WVMDSWIGHYLNAWEYVFDACSKCHLIVCGLTNSRTGWKHMQ
>negativo2671,PPRSWDGIQPGGASAAGIWGASDERHGIDTMRFKQKKSQMRD
>negativo2672,HCASHGRCTIPLMWAKQGQFIEDNVYFPTLTHHYFDKMGWRL
>negativo2673,IKSIPCPYTINKFTDECNEAKNFDHECRNAPFANWFNFPGYL
>negativo2674,WCAGPNWRLYGMFDDAHNYCGWGGYTMAPKTQEPYMWLDSCM
>negativo2675,IKIGSENMEWLGGHICWSARVHQYMINSANSPYVIQPIAHMR
>negativo2676,PFNDKQTMMTHNPLTFCYRVKREEKNAFLLRTPEATVNKGKC
>negativo2677,HCTGQVYSLKTKYRPENEPKPAVFAFGCFHGRVMCTGIPQYE
>negativo2678,PVQLEAEDSQGSDLEGDDRDKIRAIAYENFELDNFLIWCKSW
>negativo2679,FREGHEEYVNTLTKPQVPDTPTALICVMANHWADGYYPHKYM
>negativo2680,YSFHSAVTDHDFMLPSWQPSVWSMLRHAWVTLLLCLKLPDFQ
>negativo2681,KWRFPNGENQQPGGFTEYNYKMWITKAPEQSDGWPELHVPDR
>negativo2682,WKVDMMVDPDAMIRAKHVVWSYARYQGCQCSVQPANHCHNCK
>negativo2683,TKQHQMGKSDTLKHRGAGVQQFNIMPMAGKNCGAFFMMNDTS
>negativo2684,PMNHDFLHDQFMVGDRGCNFSAWIVARMHDEAPNNVEMSALL
>negativo2685,EGACVWNYIRMDYIVSQMFYNGHLITESDLCNLEHGGVYTCD
>negativo2686,VQQKALTFKGQHYNDLDKKTKCVKCMEQHDPNMWWWCGLYAH
>negativo2687,SGAHDCQFDFEIKDEFGKGVDLWYILTKNPQRMLEIGGWYHKE
>negativo2688,AKFLDNGEPPTHTITYNAAMDHWHHWHVYNQWTVDGQNHHILW
>negativo2689,SSDNWFQIEAFIHMHYEKALWNTMKLRDQRHKFWTNTLFIPMT
>negativo2690,SRGKDNWMQANYTSMCFMQQKIALLYMHHHAYSGFIEEFTPYK
>negativo2691,RLKRCCTCHHMHMPRIQDQRECHDSIAFPHGFVVWWWFTNIFSE
>negativo2692,NSIAECKWPKVWVVQRVSPMWFVVSCLRSECYEVKHWYPKPGKQK
>negativo2693,WTVARTRHTRDNLEAVRMLQQTFLCEHWCGCLNCDVTTHDAWRRQ
>negativo2694,QCELCTKMCTWNSTAAHHWNEMQCECYILEMQDILQSEAIGGCSH
>negativo2695,NSAWAAFEYRCFLYIMCTQQRSHSRYGQTAWVYMKENWYCCVVRY
>negativo2696,RYVMHNSRTTNSGEFPDPRNFTQCHHEISTKRIRLKYPFMRAQDT
>negativo2697,KYASAGTHTFKVMKGSHRERYQYWPHTTAIMSSIQHWFGMMVIHI
>negativo2698,DRHVAGVMRLCMQWAKNQEYNKEFSICHHLPPVAPAMAPQCIYTF
>negativo2699,GTCKVLYNAEQVWRMEPRNMIYVCNDSWQRDRYYEEHMSSAPAYP
>negativo2700,ECCANFLVTWATLFCHHHRSDQYDTKNGAPDISQQMVENVYHSIK
>negativo2701,VRIMTWFPLRGMAVRQPPIHGCRVDWFVITDGMWKFCLVALSSGT
>negativo2702,PQDTCCVVHFEAEPSFLLSDNTKKCHGLNFWCWEDFVCHTWWIHM
>negativo2703,GYPREISSDQEFCKYESRTRAACQTCWQMWFAWPHNRRGVSRIKET
>negativo2704,QINCVSIHEGSTKCWNTNHWNGWDYTKWCLMKFKCETWTHSGAMAT
>negativo2705,SHMAHIKYAAGANGPIAGIHCRLGPYAKMYRFQKVITWRMCCHFPQ
>negativo2706,VHIPPDANTLCKSPIDSPGQRCGFCVAQLWMKIICPWNRHCCSHEN
>negativo2707,DYDMMTTEMHQGHCPDDGRPCNPTIASYLWVNRMWGNRIPVLMQWG
>negativo2708,RNHLVVPDSWQVLHMKTMKDDHIPRKMVVVMQDHHSDPVVDKEPFN
>negativo2709,MYPFIHHGNLFHCTKMHAAHHCHQCCTYYPLMFILVPRYLIWPMSWGH
>negativo2710,LACAKQPHVRNDKNFWKFWNDAHQEAGCQCNTRILEVSPRCFPVANPT
>negativo2711,RDIFVWGTALVSSGNTWNFKSQDKGRMQCYYNRFWTQVGFRHEHSDHS
>negativo2712,LVICSHDVLHFRIEMMTNTCIWHHSNSGRVISTIPCDQISQSYNQRQG
>negativo2713,HNYEKRIILGFMVQHGTGVLHWPLTVYWGGWACFFTKWTYDKNRNDCQ
>negativo2714,GCLVAMYFYQTTFLHYWGAVWLRETWRQIKFQERQHFNGHEDSGDNFC
>negativo2715,WQPGGTFKQVRICPPYAPASDYEWSQADMQYQESTPYVNVSLNNVWLVM
>negativo2716,VRMYTLNWEECKTWRMMFSNCLGQHESQMIESCKWQCCICDPKQHLQWR
>negativo2717,DKSVPKYCILAARTYTHCGPSGYPTVGEYDRQWVNDLTLTPNTNNSRVW
>negativo2718,TVTVTRPKDYFKFNDWWEEHSHTKWLCDWNFMYPIGVMSNRDFVDEPIC
>negativo2719,WGPKPPTYCRGVELMADGHWNNGQPYPVMWCFSVTYHMVACTSNTKCQFT
>negativo2720,DEIGDTPLYDWWDPVICEANAEVNGGCWTWSLQLKHRWCDCMSSLYQTVE
